-- phpMyAdmin SQL Dump
-- version 5.2.0
-- https://www.phpmyadmin.net/
--
-- Host: 127.0.0.1
-- Generation Time: Aug 04, 2022 at 12:34 PM
-- Server version: 10.4.24-MariaDB
-- PHP Version: 8.1.6

SET SQL_MODE = "NO_AUTO_VALUE_ON_ZERO";
START TRANSACTION;
SET time_zone = "+00:00";


/*!40101 SET @OLD_CHARACTER_SET_CLIENT=@@CHARACTER_SET_CLIENT */;
/*!40101 SET @OLD_CHARACTER_SET_RESULTS=@@CHARACTER_SET_RESULTS */;
/*!40101 SET @OLD_COLLATION_CONNECTION=@@COLLATION_CONNECTION */;
/*!40101 SET NAMES utf8mb4 */;

--
-- Database: `ekameti`
--

-- --------------------------------------------------------

--
-- Table structure for table `drop_kameties`
--

CREATE TABLE `drop_kameties` (
  `id` int(11) NOT NULL,
  `ekameti_id` int(11) NOT NULL,
  `user_id` int(11) NOT NULL,
  `kameti_number` int(11) DEFAULT NULL,
  `drop_date` date NOT NULL,
  `status` varchar(20) NOT NULL,
  `created_at` date NOT NULL,
  `updated_at` date NOT NULL
) ENGINE=InnoDB DEFAULT CHARSET=utf8mb4;

--
-- Dumping data for table `drop_kameties`
--

INSERT INTO `drop_kameties` (`id`, `ekameti_id`, `user_id`, `kameti_number`, `drop_date`, `status`, `created_at`, `updated_at`) VALUES
(1, 369, 119, 1, '2022-01-01', 'pending', '2022-08-04', '2022-08-04');

-- --------------------------------------------------------

--
-- Table structure for table `ekametis`
--

CREATE TABLE `ekametis` (
  `id` bigint(20) UNSIGNED NOT NULL,
  `user_id` int(11) NOT NULL,
  `total_amount_kameti` int(11) NOT NULL,
  `ekameti_type` varchar(255) COLLATE utf8mb4_unicode_ci DEFAULT NULL,
  `ekameti_Holder_full_name` varchar(255) COLLATE utf8mb4_unicode_ci DEFAULT NULL,
  `installment` int(11) DEFAULT NULL,
  `total_months` int(11) NOT NULL,
  `starting_date` date NOT NULL,
  `ending_date` date NOT NULL,
  `withdraw_date` date NOT NULL DEFAULT current_timestamp(),
  `my_total_kameti` int(11) NOT NULL,
  `status` varchar(255) COLLATE utf8mb4_unicode_ci NOT NULL,
  `invitation_code` int(6) DEFAULT NULL,
  `allocated_kameties` varchar(11) COLLATE utf8mb4_unicode_ci DEFAULT NULL,
  `withdraw_kameties` int(11) NOT NULL DEFAULT 0,
  `created_at` timestamp NULL DEFAULT NULL,
  `updated_at` timestamp NULL DEFAULT NULL
) ENGINE=InnoDB DEFAULT CHARSET=utf8mb4 COLLATE=utf8mb4_unicode_ci;

--
-- Dumping data for table `ekametis`
--

INSERT INTO `ekametis` (`id`, `user_id`, `total_amount_kameti`, `ekameti_type`, `ekameti_Holder_full_name`, `installment`, `total_months`, `starting_date`, `ending_date`, `withdraw_date`, `my_total_kameti`, `status`, `invitation_code`, `allocated_kameties`, `withdraw_kameties`, `created_at`, `updated_at`) VALUES
(136, 119, 100000, 'Boli Wali', 'Sulman', 10000, 10, '2022-01-01', '2022-10-01', '2022-08-01', 10, 'Active', 254969, '2', 0, '2022-07-15 07:58:56', '2022-07-15 07:58:56'),
(137, 119, 100000, 'Boli Wali', 'Sulman', 10000, 10, '2022-01-01', '2022-10-01', '2022-08-01', 10, 'Active', 412075, '0', 0, '2022-07-15 07:59:46', '2022-07-15 07:59:46'),
(138, 129, 100000, 'Boli Wali', 'Aliyan', 10000, 10, '2022-01-01', '2022-10-01', '2022-08-01', 10, 'Active', 163166, '0', 0, '2022-07-15 08:03:25', '2022-07-15 08:03:25'),
(139, 129, 100000, 'Boli Wali', 'Aliyan', 10000, 10, '2022-01-01', '2022-10-01', '2022-08-01', 10, 'Active', 801660, '0', 0, '2022-07-15 08:03:43', '2022-07-15 08:03:43'),
(140, 129, 100000, 'Boli Wali', 'Aliyan', 10000, 10, '2022-01-01', '2022-10-01', '2022-08-01', 10, 'Active', 172134, '0', 0, '2022-07-15 08:04:49', '2022-07-15 08:04:49'),
(141, 129, 100000, 'Boli Wali', 'Aliyan', 10000, 10, '2022-01-01', '2022-10-01', '2022-08-01', 10, 'Active', 953875, '0', 0, '2022-07-15 08:09:39', '2022-07-15 08:09:39'),
(142, 129, 100000, 'Boli Wali', 'Aliyan', 10000, 10, '2022-01-01', '2022-10-01', '2022-08-01', 10, 'Active', 998575, '0', 0, '2022-07-15 08:10:23', '2022-07-15 08:10:23'),
(143, 119, 100000, 'Boli Wali', 'Aliyan', 10000, 10, '2022-01-01', '2022-10-01', '2022-08-01', 10, 'Active', 384933, '1', 0, '2022-07-15 08:36:33', '2022-07-15 08:36:33'),
(145, 129, 100000, 'Boli Wali', 'Aliyan', 10000, 10, '2022-01-01', '2022-10-01', '2022-08-01', 10, 'Active', 637245, '0', 0, '2022-07-15 08:38:30', '2022-07-15 08:38:30'),
(146, 129, 100000, 'Boli Wali', 'Aliyan', 10000, 10, '2022-01-01', '2022-10-01', '2022-08-01', 10, 'Active', 625375, '0', 0, '2022-07-18 00:28:40', '2022-07-18 00:28:40'),
(147, 119, 100000, 'Boli Wali', 'Aliyan', 10000, 10, '2022-01-01', '2022-10-01', '2022-08-01', 10, 'Active', 341093, '1', 0, '2022-07-18 00:29:51', '2022-07-18 00:29:51'),
(148, 129, 100000, 'Boli Wali', 'Aliyan', 10000, 10, '2022-01-01', '2022-10-01', '2022-08-01', 10, 'Active', 909238, '0', 0, '2022-07-18 00:38:19', '2022-07-18 00:38:19'),
(149, 129, 100000, 'Boli Wali', 'Aliyan', 10000, 10, '2022-01-01', '2022-10-01', '2022-08-01', 10, 'Active', 596070, '0', 0, '2022-07-18 00:40:20', '2022-07-18 00:40:20'),
(150, 129, 100000, 'Boli Wali', 'Aliyan', 10000, 10, '2022-01-01', '2022-10-01', '2022-08-01', 10, 'Active', 611888, '0', 0, '2022-07-18 01:11:39', '2022-07-18 01:11:39'),
(151, 129, 100000, 'Boli Wali', 'Aliyan', 10000, 10, '2022-01-01', '2022-10-01', '2022-08-01', 10, 'Active', 251687, '0', 0, '2022-07-18 01:12:24', '2022-07-18 01:12:24'),
(152, 129, 100000, 'Boli Wali', 'Aliyan', 10000, 10, '2022-01-01', '2022-10-01', '2022-08-01', 10, 'Active', 863476, '0', 0, '2022-07-18 01:12:42', '2022-07-18 01:12:42'),
(153, 129, 100000, 'Boli Wali', 'Aliyan', 10000, 10, '2022-01-01', '2022-10-01', '2022-08-01', 10, 'Active', 390426, '0', 0, '2022-07-18 01:13:10', '2022-07-18 01:13:10'),
(154, 129, 100000, 'Boli Wali', 'Aliyan', 10000, 10, '2022-01-01', '2022-10-01', '2022-08-01', 10, 'Active', 966664, '0', 0, '2022-07-18 01:13:36', '2022-07-18 01:13:36'),
(155, 129, 100000, 'Boli Wali', 'Aliyan', 10000, 10, '2022-01-01', '2022-10-01', '2022-08-01', 10, 'Active', 577528, '0', 0, '2022-07-18 01:15:06', '2022-07-18 01:15:06'),
(156, 129, 100000, 'Boli Wali', 'Aliyan', 10000, 10, '2022-01-01', '2022-10-01', '2022-08-01', 10, 'Active', 858898, '0', 0, '2022-07-18 01:20:32', '2022-07-18 01:20:32'),
(157, 129, 100000, 'Boli Wali', 'Aliyan', 10000, 10, '2022-01-01', '2022-10-01', '2022-08-01', 10, 'Active', 156813, '1', 0, '2022-07-18 01:23:18', '2022-08-03 06:15:42'),
(158, 129, 100000, 'Boli Wali', 'Aliyan', 10000, 10, '2022-01-01', '2022-10-01', '2022-08-01', 10, 'Active', 547885, '0', 0, '2022-07-18 01:23:36', '2022-07-18 01:23:36'),
(159, 119, 100000, 'Boli Wali', 'Aliyan', 10000, 10, '2022-01-01', '2022-10-01', '2022-08-01', 10, 'Active', 833751, '0', 0, '2022-07-18 02:46:05', '2022-07-18 02:46:05'),
(160, 119, 100000, 'Boli Wali', 'Aliyan', 10000, 10, '2022-01-01', '2022-10-01', '2022-08-01', 10, 'Active', 146107, '0', 0, '2022-07-18 02:46:36', '2022-07-18 02:46:36'),
(161, 119, 100000, 'Boli Wali', 'Aliyan', 10000, 10, '2022-01-01', '2022-10-01', '2022-08-01', 10, 'Active', 846329, '0', 0, '2022-07-18 02:46:52', '2022-07-18 02:46:52'),
(162, 119, 100000, 'Boli Wali', 'Aliyan', 10000, 10, '2022-01-01', '2022-10-01', '2022-08-01', 10, 'Active', 870685, '0', 0, '2022-07-18 02:46:59', '2022-07-18 02:46:59'),
(163, 119, 100000, 'Boli Wali', 'Aliyan', 10000, 10, '2022-01-01', '2022-10-01', '2022-08-01', 10, 'Active', 342785, '0', 0, '2022-07-18 02:51:21', '2022-07-18 02:51:21'),
(164, 119, 100000, 'Boli Wali', 'Aliyan', 10000, 10, '2022-01-01', '2022-10-01', '2022-08-01', 10, 'Active', 204724, '4', 0, '2022-07-18 03:00:08', '2022-07-18 03:00:08'),
(165, 119, 100000, 'Boli Wali', 'Aliyan', 10000, 10, '2022-01-01', '2022-10-01', '2022-08-01', 10, 'Active', 265230, '0', 0, '2022-07-18 03:03:37', '2022-07-18 03:03:37'),
(166, 119, 100000, 'Boli Wali', 'Aliyan', 10000, 10, '2022-01-01', '2022-10-01', '2022-08-01', 10, 'Active', 676259, '0', 0, '2022-07-18 03:05:34', '2022-07-18 03:05:34'),
(167, 119, 100000, 'Boli Wali', 'Aliyan', 10000, 10, '2022-01-01', '2022-10-01', '2022-08-01', 10, 'Active', 116460, '0', 0, '2022-07-18 03:05:51', '2022-07-18 03:05:51'),
(168, 119, 100000, 'Boli Wali', 'Aliyan', 10000, 10, '2022-01-01', '2022-10-01', '2022-08-01', 10, 'Active', 850944, '0', 0, '2022-07-18 03:06:04', '2022-07-18 03:06:04'),
(169, 119, 100000, 'Boli Wali', 'Aliyan', 10000, 10, '2022-01-01', '2022-10-01', '2022-08-01', 10, 'Active', 371434, '0', 0, '2022-07-18 03:06:50', '2022-07-18 03:06:50'),
(170, 119, 100000, 'Boli Wali', 'Aliyan', 10000, 10, '2022-01-01', '2022-10-01', '2022-08-01', 10, 'Active', 611498, '0', 0, '2022-07-18 03:10:18', '2022-07-18 03:10:18'),
(171, 119, 100000, 'Boli Wali', 'Aliyan', 10000, 10, '2022-01-01', '2022-10-01', '2022-08-01', 10, 'Active', 198222, '0', 0, '2022-07-18 03:11:10', '2022-07-18 03:11:10'),
(172, 119, 100000, 'Boli Wali', 'Aliyan', 10000, 10, '2022-01-01', '2022-10-01', '2022-08-01', 10, 'Active', 122290, '0', 0, '2022-07-18 03:14:03', '2022-07-18 03:14:03'),
(173, 119, 100000, 'Boli Wali', 'Aliyan', 10000, 10, '2022-01-01', '2022-10-01', '2022-08-01', 10, 'Active', 205021, '0', 0, '2022-07-18 03:14:54', '2022-07-18 03:14:54'),
(174, 119, 100000, 'Boli Wali', 'Aliyan', 10000, 10, '2022-01-01', '2022-10-01', '2022-08-01', 10, 'Active', 957566, '0', 0, '2022-07-18 03:15:18', '2022-07-18 03:15:18'),
(175, 119, 100000, 'Boli Wali', 'Aliyan', 10000, 10, '2022-01-01', '2022-10-01', '2022-08-01', 10, 'Active', 292718, '0', 0, '2022-07-18 05:00:59', '2022-07-18 05:00:59'),
(176, 119, 100000, 'Boli Wali', 'Aliyan', 10000, 10, '2022-01-01', '2022-10-01', '2022-08-01', 10, 'Active', 573551, '0', 0, '2022-07-18 05:02:00', '2022-07-18 05:02:00'),
(177, 119, 100000, 'Boli Wali', 'Aliyan', 10000, 10, '2022-01-01', '2022-10-01', '2022-08-01', 10, 'Active', 883885, '0', 0, '2022-07-18 05:02:05', '2022-07-18 05:02:05'),
(178, 119, 100000, 'Boli Wali', 'Aliyan', 10000, 10, '2022-01-01', '2022-10-01', '2022-08-01', 10, 'Active', 162556, '0', 0, '2022-07-18 05:02:18', '2022-07-18 05:02:18'),
(179, 119, 100000, 'Boli Wali', 'Aliyan', 10000, 10, '2022-01-01', '2022-10-01', '2022-08-01', 10, 'Active', 892689, '0', 0, '2022-07-18 05:07:03', '2022-07-18 05:07:03'),
(180, 119, 100000, 'Boli Wali', 'Aliyan', 10000, 10, '2022-01-01', '2022-10-01', '2022-08-01', 10, 'Active', 411513, '0', 0, '2022-07-18 05:08:33', '2022-07-18 05:08:33'),
(181, 119, 100000, 'Boli Wali', 'Aliyan', 10000, 10, '2022-01-01', '2022-10-01', '2022-08-01', 10, 'Active', 573686, '0', 0, '2022-07-18 05:14:27', '2022-07-18 05:14:27'),
(182, 119, 100000, 'Boli Wali', 'Aliyan', 10000, 10, '2022-01-01', '2022-10-01', '2022-08-01', 10, 'Active', 579902, '0', 0, '2022-07-18 05:24:35', '2022-07-18 05:24:35'),
(183, 119, 100000, 'Boli Wali', 'Aliyan', 10000, 10, '2022-01-01', '2022-10-01', '2022-08-01', 10, 'Active', 489127, '0', 0, '2022-07-18 05:24:57', '2022-07-18 05:24:57'),
(184, 119, 100000, 'Boli Wali', 'Aliyan', 10000, 10, '2022-01-01', '2022-10-01', '2022-08-01', 10, 'Active', 865901, '0', 0, '2022-07-18 05:57:12', '2022-07-18 05:57:12'),
(185, 119, 100000, 'Boli Wali', 'Aliyan', 10000, 10, '2022-01-01', '2022-10-01', '2022-08-01', 10, 'Active', 188712, '0', 0, '2022-07-18 05:57:18', '2022-07-18 05:57:18'),
(186, 119, 100000, 'Boli Wali', 'Aliyan', 10000, 10, '2022-01-01', '2022-10-01', '2022-08-01', 10, 'Active', 851411, '0', 0, '2022-07-18 06:22:04', '2022-07-18 06:22:04'),
(187, 119, 100000, 'Boli Wali', 'Aliyan', 10000, 10, '2022-01-01', '2022-10-01', '2022-08-01', 10, 'Active', 908224, '0', 0, '2022-07-19 02:02:07', '2022-07-19 02:02:07'),
(188, 119, 100000, 'Boli Wali', 'Aliyan', 10000, 10, '2022-01-01', '2022-10-01', '2022-08-01', 10, 'Active', 680612, '0', 0, '2022-07-19 02:02:17', '2022-07-19 02:02:17'),
(189, 119, 100000, 'Boli Wali', 'Aliyan', 10000, 10, '2022-01-01', '2022-10-01', '2022-08-01', 10, 'Active', 274963, '0', 0, '2022-07-19 02:02:23', '2022-07-19 02:02:23'),
(190, 119, 100000, 'Boli Wali', 'Aliyan', 10000, 10, '2022-01-01', '2022-10-01', '2022-08-01', 10, 'Active', 220331, '0', 0, '2022-07-19 02:02:55', '2022-07-19 02:02:55'),
(191, 119, 100000, 'Boli Wali', 'Aliyan', 10000, 10, '2022-01-01', '2022-10-01', '2022-08-01', 10, 'Active', 945483, '0', 0, '2022-07-19 02:03:42', '2022-07-19 02:03:42'),
(192, 119, 100000, 'Boli Wali', 'Aliyan', 10000, 10, '2022-01-01', '2022-10-01', '2022-08-01', 10, 'Active', 172174, '0', 0, '2022-07-19 02:24:33', '2022-07-19 02:24:33'),
(193, 119, 100000, 'Boli Wali', 'Aliyan', 10000, 10, '2022-01-01', '2022-10-01', '2022-08-01', 10, 'Active', 435676, '0', 0, '2022-07-19 02:24:50', '2022-07-19 02:24:50'),
(194, 119, 100000, 'Boli Wali', 'Aliyan', 10000, 10, '2022-01-01', '2022-10-01', '2022-08-01', 10, 'Active', 903400, '0', 0, '2022-07-19 02:25:13', '2022-07-19 02:25:13'),
(195, 119, 100000, 'Boli Wali', 'Aliyan', 10000, 10, '2022-01-01', '2022-10-01', '2022-08-01', 10, 'Active', 711970, '0', 0, '2022-07-19 02:26:35', '2022-07-19 02:26:35'),
(196, 119, 100000, 'Boli Wali', 'Aliyan', 10000, 10, '2022-01-01', '2022-10-01', '2022-08-01', 10, 'Active', 235646, '0', 0, '2022-07-19 02:27:20', '2022-07-19 02:27:20'),
(197, 119, 100000, 'Boli Wali', 'Aliyan', 10000, 10, '2022-01-01', '2022-10-01', '2022-08-01', 10, 'Active', 967360, '0', 0, '2022-07-19 02:30:05', '2022-07-19 02:30:05'),
(198, 119, 100000, 'Boli Wali', 'Aliyan', 10000, 10, '2022-01-01', '2022-10-01', '2022-08-01', 10, 'Active', 342020, '0', 0, '2022-07-19 02:30:28', '2022-07-19 02:30:28'),
(199, 119, 100000, 'Boli Wali', 'Aliyan', 10000, 10, '2022-01-01', '2022-10-01', '2022-08-01', 10, 'Active', 696961, '0', 0, '2022-07-19 02:34:59', '2022-07-19 02:34:59'),
(200, 119, 100000, 'Boli Wali', 'Aliyan', 10000, 10, '2022-01-01', '2022-10-01', '2022-08-01', 10, 'Active', 233098, '0', 0, '2022-07-19 02:35:12', '2022-07-19 02:35:12'),
(201, 119, 100000, 'Boli Wali', 'Aliyan', 10000, 10, '2022-01-01', '2022-10-01', '2022-08-01', 10, 'Active', 226757, '0', 0, '2022-07-19 02:39:40', '2022-07-19 02:39:40'),
(202, 119, 100000, 'Boli Wali', 'Aliyan', 10000, 10, '2022-01-01', '2022-10-01', '2022-08-01', 10, 'Active', 940452, '0', 0, '2022-07-19 02:51:23', '2022-07-19 02:51:23'),
(203, 119, 100000, 'Boli Wali', 'Aliyan', 10000, 10, '2022-01-01', '2022-10-01', '2022-08-01', 10, 'Active', 553354, '0', 0, '2022-07-19 02:51:45', '2022-07-19 02:51:45'),
(204, 119, 100000, 'Boli Wali', 'Aliyan', 10000, 10, '2022-01-01', '2022-10-01', '2022-08-01', 10, 'Active', 214993, '0', 0, '2022-07-19 02:52:40', '2022-07-19 02:52:40'),
(205, 119, 100000, 'Boli Wali', 'Aliyan', 10000, 10, '2022-01-01', '2022-10-01', '2022-08-01', 10, 'Active', 646511, '0', 0, '2022-07-19 02:53:00', '2022-07-19 02:53:00'),
(206, 119, 100000, 'Boli Wali', 'Aliyan', 10000, 10, '2022-01-01', '2022-10-01', '2022-08-01', 10, 'Active', 629810, '0', 0, '2022-07-19 02:53:41', '2022-07-19 02:53:41'),
(207, 119, 100000, 'Boli Wali', 'Aliyan', 10000, 10, '2022-01-01', '2022-10-01', '2022-08-01', 10, 'Active', 299566, '0', 0, '2022-07-19 02:54:08', '2022-07-19 02:54:08'),
(208, 119, 100000, 'Boli Wali', 'Aliyan', 10000, 10, '2022-01-01', '2022-10-01', '2022-08-01', 10, 'Active', 899944, '0', 0, '2022-07-19 02:57:07', '2022-07-19 02:57:07'),
(209, 119, 100000, 'Boli Wali', 'Aliyan', 10000, 10, '2022-01-01', '2022-10-01', '2022-08-01', 10, 'Active', 962238, '0', 0, '2022-07-19 03:00:56', '2022-07-19 03:00:56'),
(210, 119, 100000, 'Boli Wali', 'Aliyan', 10000, 10, '2022-01-01', '2022-10-01', '2022-08-01', 10, 'Active', 828638, '0', 0, '2022-07-19 03:01:38', '2022-07-19 03:01:38'),
(211, 119, 100000, 'Boli Wali', 'Aliyan', 10000, 10, '2022-01-01', '2022-10-01', '2022-08-01', 10, 'Active', 688339, '0', 0, '2022-07-19 03:02:35', '2022-07-19 03:02:35'),
(212, 119, 100000, 'Boli Wali', 'Aliyan', 10000, 10, '2022-01-01', '2022-10-01', '2022-08-01', 10, 'Active', 510110, '0', 0, '2022-07-19 03:03:21', '2022-07-19 03:03:21'),
(213, 119, 100000, 'Boli Wali', 'Aliyan', 10000, 10, '2022-01-01', '2022-10-01', '2022-08-01', 10, 'Active', 504647, '0', 0, '2022-07-19 03:03:50', '2022-07-19 03:03:50'),
(214, 119, 100000, 'Boli Wali', 'Aliyan', 10000, 10, '2022-01-01', '2022-10-01', '2022-08-01', 10, 'Active', 219629, '0', 0, '2022-07-19 03:04:14', '2022-07-19 03:04:14'),
(215, 119, 100000, 'Boli Wali', 'Aliyan', 10000, 10, '2022-01-01', '2022-10-01', '2022-08-01', 10, 'Active', 354358, '0', 0, '2022-07-19 03:05:13', '2022-07-19 03:05:13'),
(216, 119, 100000, 'Boli Wali', 'Aliyan', 10000, 10, '2022-01-01', '2022-10-01', '2022-08-01', 10, 'Active', 323200, '0', 0, '2022-07-19 03:05:51', '2022-07-19 03:05:51'),
(217, 119, 100000, 'Boli Wali', 'Aliyan', 10000, 10, '2022-01-01', '2022-10-01', '2022-08-01', 10, 'Active', 962480, '0', 0, '2022-07-19 03:08:21', '2022-07-19 03:08:21'),
(218, 119, 100000, 'Boli Wali', 'Aliyan', 10000, 10, '2022-01-01', '2022-10-01', '2022-08-01', 10, 'Active', 825555, '0', 0, '2022-07-19 03:09:39', '2022-07-19 03:09:39'),
(219, 119, 100000, 'Boli Wali', 'Aliyan', 10000, 10, '2022-01-01', '2022-10-01', '2022-08-01', 10, 'Active', 619249, '0', 0, '2022-07-19 03:11:15', '2022-07-19 03:11:15'),
(220, 119, 100000, 'Boli Wali', 'Aliyan', 10000, 10, '2022-01-01', '2022-10-01', '2022-08-01', 10, 'Active', 344891, '0', 0, '2022-07-19 03:14:52', '2022-07-19 03:14:52'),
(221, 119, 100000, 'Boli Wali', 'Aliyan', 10000, 10, '2022-01-01', '2022-10-01', '2022-08-01', 10, 'Active', 441530, '0', 0, '2022-07-19 03:15:29', '2022-07-19 03:15:29'),
(222, 119, 100000, 'Boli Wali', 'Aliyan', 10000, 10, '2022-01-01', '2022-10-01', '2022-08-01', 10, 'Active', 845719, '0', 0, '2022-07-19 03:17:44', '2022-07-19 03:17:44'),
(223, 119, 100000, 'Boli Wali', 'Aliyan', 10000, 10, '2022-01-01', '2022-10-01', '2022-08-01', 10, 'Active', 456939, '0', 0, '2022-07-19 03:32:29', '2022-07-19 03:32:29'),
(224, 119, 100000, 'Boli Wali', 'Aliyan', 10000, 10, '2022-01-01', '2022-10-01', '2022-08-01', 10, 'Active', 976961, '0', 0, '2022-07-19 03:33:16', '2022-07-19 03:33:16'),
(225, 119, 100000, 'Boli Wali', 'Aliyan', 10000, 10, '2022-01-01', '2022-10-01', '2022-08-01', 10, 'Active', 454862, '0', 0, '2022-07-19 03:34:33', '2022-07-19 03:34:33'),
(226, 119, 100000, 'Boli Wali', 'Aliyan', 10000, 10, '2022-01-01', '2022-10-01', '2022-08-01', 10, 'Active', 362961, '0', 0, '2022-07-19 03:35:56', '2022-07-19 03:35:56'),
(227, 119, 100000, 'Boli Wali', 'Aliyan', 10000, 10, '2022-01-01', '2022-10-01', '2022-08-01', 10, 'Active', 470404, '0', 0, '2022-07-19 03:37:38', '2022-07-19 03:37:38'),
(228, 119, 100000, 'Boli Wali', 'Aliyan', 10000, 10, '2022-01-01', '2022-10-01', '2022-08-01', 10, 'Active', 130166, '0', 0, '2022-07-19 03:38:02', '2022-07-19 03:38:02'),
(229, 119, 100000, 'Boli Wali', 'Aliyan', 10000, 10, '2022-01-01', '2022-10-01', '2022-08-01', 10, 'Active', 530488, '0', 0, '2022-07-19 03:38:17', '2022-07-19 03:38:17'),
(230, 119, 100000, 'Boli Wali', 'Aliyan', 10000, 10, '2022-01-01', '2022-10-01', '2022-08-01', 10, 'Active', 662695, '0', 0, '2022-07-19 03:38:33', '2022-07-19 03:38:33'),
(231, 119, 100000, 'Boli Wali', 'Aliyan', 10000, 10, '2022-01-01', '2022-10-01', '2022-08-01', 10, 'Active', 407834, '0', 0, '2022-07-19 03:39:39', '2022-07-19 03:39:39'),
(232, 119, 100000, 'Boli Wali', 'Aliyan', 10000, 10, '2022-01-01', '2022-10-01', '2022-08-01', 10, 'Active', 750942, '0', 0, '2022-07-19 03:39:54', '2022-07-19 03:39:54'),
(233, 119, 100000, 'Boli Wali', 'Aliyan', 10000, 10, '2022-01-01', '2022-10-01', '2022-08-01', 10, 'Active', 512473, '0', 0, '2022-07-19 03:42:37', '2022-07-19 03:42:37'),
(234, 119, 100000, 'Boli Wali', 'Aliyan', 10000, 10, '2022-01-01', '2022-10-01', '2022-08-01', 10, 'Active', 655579, '0', 0, '2022-07-19 03:43:04', '2022-07-19 03:43:04'),
(235, 119, 100000, 'Boli Wali', 'Aliyan', 10000, 10, '2022-01-01', '2022-10-01', '2022-08-01', 10, 'Active', 961504, '0', 0, '2022-07-19 04:45:00', '2022-07-19 04:45:00'),
(236, 119, 100000, 'Boli Wali', 'Aliyan', 10000, 10, '2022-01-01', '2022-10-01', '2022-08-01', 10, 'Active', 246428, '0', 0, '2022-07-19 04:46:57', '2022-07-19 04:46:57'),
(237, 119, 100000, 'Boli Wali', 'Aliyan', 10000, 10, '2022-01-01', '2022-10-01', '2022-08-01', 10, 'Active', 154927, '2', 0, '2022-07-19 06:06:09', '2022-07-19 06:06:09'),
(238, 119, 100000, 'Boli Wali', 'Aliyan', 10000, 10, '2022-01-01', '2022-10-01', '2022-08-01', 10, 'Active', 430965, '2', 0, '2022-07-19 06:06:37', '2022-07-19 06:06:37'),
(239, 119, 100000, 'Boli Wali', 'Aliyan', 10000, 10, '2022-01-01', '2022-10-01', '2022-08-01', 10, 'Active', 428657, NULL, 0, '2022-07-19 06:07:10', '2022-07-19 06:07:10'),
(240, 119, 100000, 'Boli Wali', 'Aliyan', 10000, 10, '2022-01-01', '2022-10-01', '2022-08-01', 2, 'Active', 136679, '6', 0, '2022-07-19 06:08:10', '2022-07-19 06:08:10'),
(241, 119, 100000, 'Boli Wali', 'Aliyan', 10000, 10, '2022-01-01', '2022-10-01', '2022-08-01', 2, 'Active', 780676, '6', 0, '2022-07-19 06:12:05', '2022-07-19 06:12:05'),
(242, 119, 100000, 'Boli Wali', 'Aliyan', 10000, 10, '2022-01-01', '2022-10-01', '2022-08-01', 2, 'Active', 492340, '6', 0, '2022-07-19 06:12:20', '2022-07-19 06:12:20'),
(243, 119, 100000, 'Boli Wali', 'Aliyan', 10000, 10, '2022-01-01', '2022-10-01', '2022-08-01', 2, 'Active', 147660, '6', 0, '2022-07-19 06:31:29', '2022-07-19 06:31:29'),
(244, 119, 100000, 'Boli Wali', 'Aliyan', 10000, 10, '2022-01-01', '2022-10-01', '2022-08-01', 2, 'Active', 837402, '6', 0, '2022-07-19 06:31:53', '2022-07-19 06:31:53'),
(245, 119, 100, 'Nawoon Wali', 'admin', 10, 10, '2022-07-20', '2023-05-20', '2022-08-01', 3, 'Active', 430912, NULL, 0, '2022-07-19 07:25:46', '2022-07-19 07:25:46'),
(246, 119, 100, 'Nawoon Wali', 'Admin', 10, 10, '2022-07-20', '2023-05-20', '2022-08-01', 2, 'Active', 732602, NULL, 0, '2022-07-19 07:30:24', '2022-07-19 07:30:24'),
(247, 119, 5000, 'Nawoon Wali', 'Admin', 500, 10, '2021-07-20', '2022-05-20', '2022-08-01', 3, 'Active', 739516, '8', 0, '2022-07-19 07:31:01', '2022-07-19 07:31:01'),
(248, 119, 5000, 'Nawoon Wali', 'Admin', 500, 10, '2021-07-20', '2022-05-20', '2022-08-01', 3, 'Active', 254917, '8', 0, '2022-07-19 07:31:11', '2022-07-19 07:31:11'),
(249, 119, 5000, 'Nawoon Wali', 'Admin', 500, 10, '2021-07-20', '2022-05-20', '2022-08-01', 3, 'Active', 315499, '8', 0, '2022-07-19 07:31:14', '2022-07-19 07:31:14'),
(250, 119, 100, 'Nawoon Wali', 'Admin', 10, 10, '2022-07-20', '2023-05-20', '2022-08-01', 2, 'Active', 897751, NULL, 0, '2022-07-19 07:32:11', '2022-07-19 07:32:11'),
(251, 119, 8484, 'Nawoon Wali', 'agg', 12, 8, '2022-07-20', '2023-03-20', '2022-08-01', 2, 'Active', 908658, NULL, 0, '2022-07-19 07:32:44', '2022-07-19 07:32:44'),
(252, 119, 5000, 'Nawoon Wali', 'Admin', 500, 10, '2021-07-20', '2022-05-20', '2022-08-01', 3, 'Active', 390042, NULL, 0, '2022-07-19 07:33:07', '2022-07-19 07:33:07'),
(253, 119, 8484, 'Nawoon Wali', 'agg', 12, 8, '2022-07-20', '2023-03-20', '2022-08-01', 2, 'Active', 277308, NULL, 0, '2022-07-19 07:36:42', '2022-07-19 07:36:42'),
(254, 119, 8484, 'Nawoon Wali', 'agg', 12, 8, '2022-07-20', '2023-03-20', '2022-08-01', 2, 'Active', 275700, NULL, 0, '2022-07-19 07:37:47', '2022-07-19 07:37:47'),
(255, 119, 8484, 'Nawoon Wali', 'agg', 12, 8, '2022-07-20', '2023-03-20', '2022-08-01', 2, 'Active', 759471, NULL, 0, '2022-07-19 07:37:52', '2022-07-19 07:37:52'),
(256, 119, 8484, 'Nawoon Wali', 'agg', 12, 8, '2022-07-20', '2023-03-20', '2022-08-01', 2, 'Active', 160231, NULL, 0, '2022-07-19 07:38:04', '2022-07-19 07:38:04'),
(257, 119, 8484, 'Nawoon Wali', 'agg', 12, 8, '2022-07-20', '2023-03-20', '2022-08-01', 2, 'Active', 118242, NULL, 0, '2022-07-19 07:38:10', '2022-07-19 07:38:10'),
(258, 119, 8484, 'Nawoon Wali', 'agg', 12, 8, '2022-07-20', '2023-03-20', '2022-08-01', 2, 'Active', 612396, NULL, 0, '2022-07-19 07:38:18', '2022-07-19 07:38:18'),
(259, 119, 200, 'Nawoon Wali', 'admin', 20, 5, '2022-07-20', '2022-12-20', '2022-08-01', 2, 'Active', 353730, NULL, 0, '2022-07-19 07:40:08', '2022-07-19 07:40:08'),
(260, 119, 200, 'Nawoon Wali', 'admin', 20, 5, '2022-07-20', '2022-12-20', '2022-08-01', 2, 'Active', 443023, NULL, 0, '2022-07-19 07:40:31', '2022-07-19 07:40:31'),
(261, 119, 200, 'Nawoon Wali', 'admin', 20, 5, '2022-07-20', '2022-12-20', '2022-08-01', 2, 'Active', 123498, NULL, 0, '2022-07-19 07:41:01', '2022-07-19 07:41:01'),
(262, 119, 5000, 'Nawoon Wali', 'Admin', 500, 10, '2021-07-20', '2022-05-20', '2022-08-01', 3, 'Active', 516333, '8', 0, '2022-07-19 07:42:19', '2022-07-19 07:42:19'),
(263, 119, 5000, 'Nawoon Wali', 'Admin', 500, 10, '2022-07-20', '2022-05-20', '2022-08-01', 3, 'Active', 238659, '8', 0, '2022-07-19 07:43:04', '2022-07-19 07:43:04'),
(264, 119, 200, 'Nawoon Wali', 'admin', 20, 5, '2022-07-20', '2022-12-20', '2022-08-01', 2, 'Active', 174640, NULL, 0, '2022-07-19 07:44:05', '2022-07-19 07:44:05'),
(265, 119, 200, 'Nawoon Wali', 'admin', 20, 5, '2022-07-20', '2022-12-20', '2022-08-01', 2, 'Active', 419155, NULL, 0, '2022-07-19 07:44:22', '2022-07-19 07:44:22'),
(266, 119, 5000, 'Nawoon Wali', 'Admin', 500, 10, '2022-07-20', '2022-05-20', '2022-08-01', 3, 'Active', 463988, NULL, 0, '2022-07-19 07:46:13', '2022-07-19 07:46:13'),
(267, 119, 5000, 'Nawoon Wali', 'Admin', 500, 10, '2022-07-20', '2022-05-20', '2022-08-01', 3, 'Active', 216686, '8', 0, '2022-07-19 07:46:48', '2022-07-19 07:46:48'),
(268, 119, 5000, 'Nawoon Wali', 'Admin', 500, 10, '2021-07-20', '2022-05-20', '2022-08-01', 3, 'Active', 469128, '8', 0, '2022-07-19 07:47:33', '2022-07-19 07:47:33'),
(269, 119, 5000, 'Nawoon Wali', 'Admin', 500, 10, '2021-07-20', '2022-05-20', '2022-08-01', 3, 'Active', 476166, '8', 0, '2022-07-19 07:50:46', '2022-07-19 07:50:46'),
(272, 119, 5000, 'Nawoon Wali', 'admin', 1888, 10, '2022-07-20', '2022-05-20', '2022-08-01', 3, 'Active', 163549, '8', 0, '2022-07-19 07:54:53', '2022-07-19 07:54:53'),
(273, 119, 558, 'Nawoon Wali', 'admin', 1888, 10, '2022-07-20', '2022-05-20', '2022-08-01', 3, 'Active', 442653, '8', 0, '2022-07-19 07:55:28', '2022-07-19 07:55:28'),
(274, 119, 558, 'Nawoon Wali', 'admin', 1888, 10, '2022-07-20', '2022-09-20', '2022-08-01', 3, 'Active', 933501, '8', 0, '2022-07-19 07:55:51', '2022-07-19 07:55:51'),
(275, 119, 558, 'Nawoon Wali', 'admin', 1888, 10, '2022-07-20', '2022-09-20', '2022-08-01', 3, 'Active', 380193, '8', 0, '2022-07-19 07:56:19', '2022-07-19 07:56:19'),
(276, 119, 558, 'Nawoon Wali', 'admin', 1888, 10, '2022-07-20', '2022-09-20', '2022-08-01', 2, 'Active', 685513, '7', 0, '2022-07-19 07:56:42', '2022-07-19 07:56:42'),
(277, 119, 558, 'Nawoon Wali', 'admin', 1888, 10, '2022-07-20', '2022-09-20', '2022-08-01', 2, 'Active', 663508, '7', 0, '2022-07-19 07:56:58', '2022-07-19 07:56:58'),
(278, 119, 558, 'Nawoon Wali', 'admin', 1888, 10, '2022-07-20', '2022-09-20', '2022-08-01', 2, 'Active', 559043, NULL, 0, '2022-07-19 07:57:38', '2022-07-19 07:57:38'),
(279, 119, 558, 'Nawoon Wali', 'admin', 1888, 10, '2022-07-20', '2022-09-20', '2022-08-01', 2, 'Active', 999629, '6', 0, '2022-07-19 07:58:56', '2022-07-19 07:58:56'),
(280, 119, 5000, 'Nawoon Wali', 'Admin', 500, 10, '2021-07-20', '2022-05-20', '2022-08-01', 3, 'Active', 160049, NULL, 0, '2022-07-19 08:00:55', '2022-07-19 08:00:55'),
(281, 119, 100000, 'Boli Wali', 'Aliyan', 10000, 10, '2022-01-01', '2022-10-01', '2022-08-01', 2, 'Active', 636947, '2', 0, '2022-07-19 08:02:03', '2022-07-19 08:02:03'),
(282, 119, 5000, 'Nawoon Wali', 'Admin', 500, 10, '2021-07-20', '2022-05-20', '2022-08-01', 3, 'Active', 680318, '3', 0, '2022-07-19 08:02:07', '2022-07-19 08:02:07'),
(283, 119, 10000, 'Nawoon Wali', 'Admin', 1000, 10, '2022-07-20', '2023-05-20', '2022-08-01', 2, 'Active', 621646, '7', 0, '2022-07-19 08:09:08', '2022-07-19 08:09:08'),
(284, 119, 10000, 'Nawoon Wali', 'Admin', 1000, 10, '2022-07-20', '2023-05-20', '2022-08-01', 2, 'Active', 350951, '7', 0, '2022-07-19 08:09:28', '2022-07-19 08:09:28'),
(285, 119, 100000, 'Boli Wali', 'Aliyan', 10000, 10, '2022-01-01', '2022-10-01', '2022-08-01', 2, 'Active', 364243, NULL, 0, '2022-07-20 00:24:07', '2022-07-20 00:24:07'),
(286, 119, 100000, 'Boli Wali', 'Aliyan', 10000, 10, '2022-01-01', '2022-10-01', '2022-08-01', 2, 'Active', 779244, '2', 0, '2022-07-20 00:24:13', '2022-07-20 00:24:13'),
(287, 119, 100000, 'Boli Wali', 'Sulman', 10000, 10, '2022-01-01', '2022-10-01', '2022-08-01', 2, 'Active', 181235, NULL, 0, '2022-07-20 00:31:08', '2022-07-20 00:31:08'),
(288, 119, 100000, 'Boli Wali', 'Sulman', 10000, 10, '2022-01-01', '2022-10-01', '2022-08-01', 2, 'Active', 432879, NULL, 0, '2022-07-20 00:32:35', '2022-07-20 00:32:35'),
(289, 119, 100000, 'Boli Wali', 'Sulman', 10000, 10, '2022-01-01', '2022-10-01', '2022-08-01', 2, 'Active', 150967, NULL, 0, '2022-07-20 00:32:37', '2022-07-20 00:32:37'),
(290, 119, 100000, 'Boli Wali', 'Sulman', 10000, 10, '2022-01-01', '2022-10-01', '2022-08-01', 2, 'Active', 265905, '2', 0, '2022-07-20 00:34:02', '2022-07-20 00:34:02'),
(291, 119, 100000, 'Boli Wali', 'Sulman', 10000, 10, '2022-01-01', '2022-10-01', '2022-08-01', 2, 'Active', 874066, '2', 0, '2022-07-20 00:34:39', '2022-07-20 00:34:39'),
(292, 119, 100000, 'Boli Wali', 'Sulman', 10000, 10, '2022-01-01', '2022-10-01', '2022-08-01', 2, 'Active', 691596, '2', 0, '2022-07-20 00:35:50', '2022-07-20 00:35:50'),
(293, 119, 100000, 'Boli Wali', 'Sulman', 10000, 10, '2022-01-01', '2022-10-01', '2022-08-01', 2, 'Active', 155490, '2', 0, '2022-07-20 00:37:07', '2022-07-20 00:37:07'),
(294, 119, 100000, 'Boli Wali', 'Sulman', 10000, 10, '2022-01-01', '2022-10-01', '2022-08-01', 2, 'Active', 363309, '2', 0, '2022-07-20 00:37:09', '2022-07-20 00:37:09'),
(295, 119, 100000, 'Boli Wali', 'Sulman', 10000, 10, '2022-01-01', '2022-10-01', '2022-08-01', 2, 'Active', 345240, '2', 0, '2022-07-20 00:39:40', '2022-07-20 00:39:40'),
(296, 119, 100000, 'Boli Wali', 'Sulman', 10000, 10, '2022-01-01', '2022-10-01', '2022-08-01', 2, 'Active', 670622, '2', 0, '2022-07-20 00:41:00', '2022-07-20 00:41:00'),
(297, 119, 100000, 'Boli Wali', 'Sulman', 10000, 10, '2022-01-01', '2022-10-01', '2022-08-01', 2, 'Active', 527744, '2', 0, '2022-07-20 00:42:57', '2022-07-20 00:42:57'),
(298, 119, 100000, 'Boli Wali', 'Ahmad', 10000, 10, '2022-01-01', '2022-10-01', '2022-08-01', 2, 'Active', 444548, '2', 0, '2022-07-20 00:51:42', '2022-07-20 00:51:42'),
(299, 119, 100000, 'Boli Wali', 'Ali', 10000, 10, '2022-01-01', '2022-10-01', '2022-08-01', 2, 'Active', 289082, '5', 0, '2022-07-21 03:33:32', '2022-07-21 03:33:32'),
(300, 119, 100000, 'Boli Wali', 'Ali', 10000, 10, '2022-01-01', '2022-10-01', '2022-08-01', 2, 'Active', 420776, NULL, 0, '2022-07-21 03:40:13', '2022-07-21 03:40:13'),
(301, 119, 100000, 'Boli Wali', 'Ali', 10000, 10, '2022-01-01', '2022-10-01', '2022-08-01', 2, 'Active', 513322, NULL, 0, '2022-07-21 03:40:53', '2022-07-21 03:40:53'),
(302, 130, 100000, 'Boli Wali', 'Alia', 10000, 10, '2022-01-01', '2022-10-01', '2022-08-01', 2, 'Active', 51589, '5', 0, '2022-07-26 03:45:14', '2022-07-26 03:45:14'),
(303, 130, 100000, 'Boli Wali', 'Alia', 10000, 10, '2022-01-01', '2022-10-01', '2022-08-01', 2, 'Active', 19805, '5', 0, '2022-07-26 04:37:35', '2022-07-26 04:37:35'),
(304, 130, 100000, 'Boli Wali', 'Alia', 10000, 10, '2022-01-01', '2022-10-01', '2022-08-01', 2, 'Active', 41551, '2', 0, '2022-07-26 04:38:17', '2022-07-26 04:38:17'),
(305, 130, 100000, 'Boli Wali', 'Alia', 10000, 10, '2022-01-01', '2022-10-01', '2022-08-01', 2, 'Active', 95509, '2', 0, '2022-07-26 04:39:54', '2022-07-26 04:39:54'),
(306, 130, 100000, 'Boli Wali', 'Alia', 10000, 10, '2022-01-01', '2022-10-01', '2022-08-01', 2, 'Active', 32380, NULL, 0, '2022-07-26 04:40:05', '2022-07-26 04:40:05'),
(307, 130, 100000, 'Boli Wali', 'Alia', 10000, 10, '2022-01-01', '2022-10-01', '2022-08-01', 2, 'Active', 26555, NULL, 0, '2022-07-26 04:41:24', '2022-07-26 04:41:24'),
(308, 130, 100000, 'Boli Wali', 'Alia', 10000, 10, '2022-01-01', '2022-10-01', '2022-08-01', 2, 'Active', 54230, '2', 0, '2022-07-26 04:41:40', '2022-07-26 04:41:40'),
(309, 130, 100000, 'Boli Wali', 'Alia', 10000, 10, '2022-01-01', '2022-10-01', '2022-08-01', 2, 'Active', 71671, NULL, 0, '2022-07-26 04:41:49', '2022-07-26 04:41:49'),
(310, 130, 100000, 'Boli Wali', 'Alia', 10000, 10, '2022-01-01', '2022-10-01', '2022-08-01', 2, 'Active', 51842, '4', 0, '2022-07-26 04:42:02', '2022-07-26 04:42:02'),
(311, 130, 100000, 'Boli Wali', 'Alia', 10000, 10, '2022-01-01', '2022-10-01', '2022-08-01', 2, 'Active', 44177, '4', 0, '2022-07-26 04:42:05', '2022-07-26 04:42:05'),
(312, 130, 100000, 'Boli Wali', 'Alia', 10000, 10, '2022-01-01', '2022-10-01', '2022-08-01', 2, 'Active', 50260, NULL, 0, '2022-07-26 04:42:23', '2022-07-26 04:42:23'),
(313, 130, 100000, 'Boli Wali', 'Alia', 10000, 10, '2022-01-01', '2022-10-01', '2022-08-01', 2, 'Active', 51658, NULL, 0, '2022-07-26 04:47:47', '2022-07-26 04:47:47'),
(314, 130, 100000, 'Boli Wali', 'Alia', 10000, 10, '2022-01-01', '2022-10-01', '2022-08-01', 2, 'Active', 21734, NULL, 0, '2022-07-26 04:51:46', '2022-07-26 04:51:46'),
(315, 130, 100000, 'Boli Wali', 'Alia', 10000, 10, '2022-01-01', '2022-10-01', '2022-08-01', 2, 'Active', 19356, NULL, 0, '2022-07-26 04:52:30', '2022-07-26 04:52:30'),
(316, 130, 100000, 'Boli Wali', 'Alia', 10000, 10, '2022-01-01', '2022-10-01', '2022-08-01', 2, 'Active', 21535, NULL, 0, '2022-07-26 04:53:01', '2022-07-26 04:53:01'),
(317, 130, 100000, 'Boli Wali', 'Alia', 10000, 10, '2022-01-01', '2022-10-01', '2022-08-01', 2, 'Active', 62746, NULL, 0, '2022-07-26 04:53:45', '2022-07-26 04:53:45'),
(318, 130, 100000, 'Boli Wali', 'Alia', 10000, 10, '2022-01-01', '2022-10-01', '2022-08-01', 2, 'Active', 93728, NULL, 0, '2022-07-26 04:53:53', '2022-07-26 04:53:53'),
(319, 130, 100000, 'Boli Wali', 'Alia', 10000, 10, '2022-01-01', '2022-10-01', '2022-08-01', 2, 'Active', 33058, NULL, 0, '2022-07-26 04:53:55', '2022-07-26 04:53:55'),
(320, 130, 100000, 'Boli Wali', 'Alia', 10000, 10, '2022-01-01', '2022-10-01', '2022-08-01', 2, 'Active', 63921, NULL, 0, '2022-07-26 04:54:37', '2022-07-26 04:54:37'),
(321, 130, 100000, 'Boli Wali', 'Alia', 10000, 10, '2022-01-01', '2022-10-01', '2022-08-01', 2, 'Active', 75559, NULL, 0, '2022-07-26 04:58:30', '2022-07-26 04:58:30'),
(322, 130, 100000, 'Boli Wali', 'Alia', 10000, 10, '2022-01-01', '2022-10-01', '2022-08-01', 2, 'Active', 12111, '5', 0, '2022-07-26 05:48:27', '2022-07-26 05:48:27'),
(323, 130, 100000, 'Boli Wali', 'Alia', 10000, 10, '2022-01-01', '2022-10-01', '2022-08-01', 2, 'Active', 95050, '5', 0, '2022-07-26 05:49:41', '2022-07-26 05:49:41'),
(325, 130, 100000, 'Boli Wali', 'Alia', 10000, 10, '2022-01-01', '2022-10-01', '2022-08-01', 2, 'Active', 39233, '5', 0, '2022-07-26 07:01:00', '2022-07-26 07:01:00'),
(326, 130, 100000, 'Boli Wali', 'Alia', 10000, 10, '2022-01-01', '2022-10-01', '2022-08-01', 2, 'Active', 23806, NULL, 0, '2022-07-26 08:11:47', '2022-07-26 08:11:47'),
(327, 130, 100000, 'Boli Wali', 'Alia', 10000, 10, '2022-01-01', '2022-10-01', '2022-08-01', 2, 'Active', 28236, NULL, 0, '2022-07-26 08:14:38', '2022-07-26 08:14:38'),
(328, 130, 100000, 'Boli Wali', 'Alia', 10000, 10, '2022-01-01', '2022-10-01', '2022-08-01', 2, 'Active', 84811, NULL, 0, '2022-07-26 08:16:10', '2022-07-26 08:16:10'),
(329, 130, 100000, 'Boli Wali', 'Alia', 10000, 10, '2022-01-01', '2022-10-01', '2022-08-01', 2, 'Active', 53242, NULL, 0, '2022-07-26 08:16:49', '2022-07-26 08:16:49'),
(330, 130, 100000, 'Boli Wali', 'Alia', 10000, 10, '2022-01-01', '2022-10-01', '2022-08-01', 2, 'Active', 17951, NULL, 0, '2022-07-26 08:19:08', '2022-07-26 08:19:08'),
(331, 130, 100000, 'Boli Wali', 'Alia', 10000, 10, '2022-01-01', '2022-10-01', '2022-08-01', 2, 'Active', 82337, NULL, 0, '2022-07-26 08:29:11', '2022-07-26 08:29:11'),
(332, 130, 100000, 'Boli Wali', 'Alia', 10000, 10, '2022-01-01', '2022-10-01', '2022-08-01', 2, 'Active', 17748, NULL, 0, '2022-07-26 08:53:13', '2022-07-26 08:53:13'),
(333, 130, 100000, 'Boli Wali', 'Alia', 10000, 10, '2022-01-01', '2022-10-01', '2022-08-01', 2, 'Active', 94453, NULL, 0, '2022-07-26 08:55:32', '2022-07-26 08:55:32'),
(334, 130, 100000, 'Boli Wali', 'Alia', 10000, 10, '2022-01-01', '2022-10-01', '2022-08-01', 2, 'Active', 68762, NULL, 0, '2022-07-26 08:57:31', '2022-07-26 08:57:31'),
(335, 130, 100000, 'Boli Wali', 'Alia', 10000, 10, '2022-01-01', '2022-10-01', '2022-08-01', 2, 'Active', 43196, '5', 0, '2022-07-26 09:04:01', '2022-07-26 09:04:01'),
(336, 119, 100000, 'Boli Wali', 'Alia', 10000, 10, '2022-01-01', '2022-10-01', '2022-08-01', 2, 'Active', 31301, '2', 0, '2022-07-27 05:53:06', '2022-07-27 05:53:06'),
(337, 119, 100000, 'Boli Wali', 'Alia', 10000, 10, '2022-01-01', '2022-10-01', '2022-08-01', 2, 'Active', 21399, '2', 0, '2022-07-27 06:09:04', '2022-07-27 06:09:04'),
(338, 119, 100000, 'Boli Wali', 'Alia', 10000, 10, '2022-01-01', '2022-10-01', '2022-08-01', 2, 'Active', 46933, '2', 0, '2022-07-27 06:12:05', '2022-07-27 06:12:05'),
(339, 131, 100000, 'Boli Wali', 'Adnan', 10000, 10, '2022-01-01', '2022-10-01', '2022-08-01', 2, 'Pending', 61643, NULL, 0, '2022-07-28 01:54:33', '2022-07-28 01:54:33'),
(340, 131, 100000, 'Boli Wali', 'Adnan', 10000, 10, '2022-01-01', '2022-10-01', '2022-08-01', 2, 'Pending', 32874, NULL, 0, '2022-07-28 01:55:36', '2022-07-28 01:55:36'),
(341, 131, 100000, 'Boli Wali', 'Adnan', 10000, 10, '2022-01-01', '2022-10-01', '2022-08-01', 2, 'Pending', 79392, '5', 0, '2022-07-28 01:56:25', '2022-07-28 02:49:47'),
(343, 119, 100000, 'Boli Wali', 'Alia', 10000, 10, '2022-01-01', '2022-10-01', '2022-08-01', 2, 'Pending', 53613, NULL, 0, '2022-07-28 08:39:38', '2022-07-28 08:39:38'),
(344, 119, 100000, 'Boli Wali', 'Alia', 10000, 10, '2022-01-01', '2022-10-01', '2022-08-01', 2, 'Pending', 74208, NULL, 0, '2022-07-28 08:44:56', '2022-07-28 08:44:56'),
(345, 119, 100000, 'Boli Wali', 'Alia', 10000, 10, '2022-01-01', '2022-10-01', '2022-08-01', 2, 'Pending', 43377, NULL, 0, '2022-07-28 08:47:01', '2022-07-28 08:47:01'),
(346, 119, 100000, 'Boli Wali', 'Alia', 10000, 10, '2022-01-01', '2022-10-01', '2022-08-01', 2, 'Pending', 69305, NULL, 0, '2022-07-28 08:47:21', '2022-07-28 08:47:21'),
(347, 119, 100000, 'Boli Wali', 'Alia', 10000, 10, '2022-01-01', '2022-10-01', '2022-08-01', 2, 'Pending', 81090, NULL, 0, '2022-07-28 08:48:07', '2022-07-28 08:48:07'),
(348, 119, 100000, 'Boli Wali', 'Alia', 10000, 10, '2022-01-01', '2022-10-01', '2022-08-01', 2, 'Pending', 29174, NULL, 0, '2022-07-28 08:49:54', '2022-07-28 08:49:54'),
(349, 119, 100000, 'Boli Wali', 'Alia', 10000, 10, '2022-01-01', '2022-10-01', '2022-08-01', 2, 'Pending', 72690, NULL, 0, '2022-07-28 08:50:55', '2022-07-28 08:50:55'),
(351, 119, 100000, 'Boli Wali', 'Alia', 10000, 10, '2022-01-01', '2022-10-01', '2022-08-01', 2, 'Pending', 69849, '4', 0, '2022-07-28 08:56:41', '2022-07-28 08:56:41'),
(352, 129, 100000, 'Boli Wali', 'Alia', 10000, 10, '2022-01-01', '2022-10-01', '2022-08-01', 2, 'Pending', 48898, '6', 0, '2022-07-28 08:58:27', '2022-08-03 08:22:34'),
(353, 133, 100000, 'Boli Wali', 'Alia', 10000, 10, '2022-01-01', '2022-10-01', '2022-08-01', 2, 'Pending', 25652, '2', 0, '2022-07-29 08:20:55', '2022-07-29 08:20:55'),
(354, 137, 100000, 'Boli Wali', 'Ali', 10000, 10, '2022-01-01', '2022-10-01', '2022-08-01', 2, 'Pending', 68046, '2', 0, '2022-08-01 02:21:00', '2022-08-01 02:21:00'),
(355, 137, 100000, 'Boli Wali', 'Ali', 10000, 10, '2022-01-01', '2022-10-01', '2022-08-01', 2, 'Pending', 28714, '2', 0, '2022-08-01 02:22:56', '2022-08-01 02:22:56'),
(356, 137, 100000, 'Boli Wali', 'Ali', 10000, 10, '2022-01-01', '2022-10-01', '2022-08-01', 2, 'Pending', 49542, NULL, 0, '2022-08-01 02:24:25', '2022-08-01 02:24:25'),
(357, 137, 100000, 'Boli Wali', 'Ali', 10000, 10, '2022-01-01', '2022-10-01', '2022-08-01', 2, 'Pending', 34263, '2', 0, '2022-08-01 02:26:40', '2022-08-01 02:26:40'),
(358, 137, 100000, 'Boli Wali', 'Ali', 10000, 10, '2022-01-01', '2022-10-01', '2022-08-01', 2, 'Pending', 93439, '2', 0, '2022-08-01 02:27:56', '2022-08-01 02:27:56'),
(359, 137, 100000, 'Boli Wali', 'Ali', 10000, 10, '2022-01-01', '2022-10-01', '2022-08-01', 2, 'Pending', 57704, '2', 0, '2022-08-01 02:30:01', '2022-08-01 02:30:01'),
(360, 137, 100000, 'Boli Wali', 'Ali', 10000, 10, '2022-01-01', '2022-10-01', '2022-08-01', 2, 'Pending', 24924, '2', 0, '2022-08-01 02:32:27', '2022-08-01 02:32:27'),
(361, 137, 100000, 'Boli Wali', 'Ali', 10000, 10, '2022-01-01', '2022-10-01', '2022-08-01', 2, 'Pending', 69991, NULL, 0, '2022-08-01 02:33:33', '2022-08-01 02:33:33'),
(362, 137, 100000, 'Boli Wali', 'Ali', 10000, 10, '2022-01-01', '2022-10-01', '2022-08-01', 2, 'Pending', 40563, NULL, 0, '2022-08-01 02:36:58', '2022-08-01 02:36:58'),
(363, 137, 100000, 'Boli Wali', 'Ali', 10000, 10, '2022-01-01', '2022-10-01', '2022-08-01', 2, 'Pending', 48651, '4', 0, '2022-08-01 02:37:21', '2022-08-03 06:22:58'),
(364, 137, 100000, 'Boli Wali', 'Ali', 10000, 10, '2022-01-01', '2022-10-01', '2022-08-01', 2, 'Pending', 78473, '2', 0, '2022-08-01 02:38:22', '2022-08-01 02:38:22'),
(365, 137, 100000, 'Boli Wali', 'Ali', 10000, 10, '2022-01-01', '2022-10-01', '2022-08-01', 2, 'Pending', 85421, '2', 0, '2022-08-01 02:38:29', '2022-08-01 02:38:29'),
(366, 137, 100000, 'Boli Wali', 'Ali', 10000, 10, '2022-01-01', '2022-10-01', '2022-08-02', 2, 'Pending', 80614, '4', 0, '2022-08-01 02:41:07', '2022-08-01 02:41:07'),
(369, 119, 100000, 'Nawoon Wali', 'Sulman', 10000, 4, '2022-01-01', '2022-10-01', '2022-01-01', 2, 'Active', 52089, '2', 0, '2022-08-03 08:55:39', '2022-08-03 08:55:39');

-- --------------------------------------------------------

--
-- Table structure for table `ekameti_types`
--

CREATE TABLE `ekameti_types` (
  `id` int(11) NOT NULL,
  `ekameti_name` varchar(25) NOT NULL,
  `status` varchar(20) NOT NULL,
  `created_at` date NOT NULL,
  `updated_at` date NOT NULL
) ENGINE=InnoDB DEFAULT CHARSET=utf8mb4;

--
-- Dumping data for table `ekameti_types`
--

INSERT INTO `ekameti_types` (`id`, `ekameti_name`, `status`, `created_at`, `updated_at`) VALUES
(1, 'Perchiyon Wali', 'Enable', '2022-06-24', '2022-06-24'),
(2, 'Nawoon Wali', 'Enable', '2022-06-24', '2022-06-24'),
(3, 'Boli Wali', 'Enable', '2022-06-24', '2022-06-24'),
(4, 'other', 'Enable', '2022-06-24', '2022-06-24');

-- --------------------------------------------------------

--
-- Table structure for table `invites`
--

CREATE TABLE `invites` (
  `id` int(10) UNSIGNED NOT NULL,
  `code` varchar(255) COLLATE utf8mb4_unicode_ci NOT NULL,
  `for` varchar(255) COLLATE utf8mb4_unicode_ci DEFAULT NULL,
  `max` int(11) NOT NULL DEFAULT 1,
  `uses` int(11) NOT NULL DEFAULT 0,
  `valid_until` timestamp NULL DEFAULT NULL,
  `created_at` timestamp NULL DEFAULT NULL,
  `updated_at` timestamp NULL DEFAULT NULL
) ENGINE=InnoDB DEFAULT CHARSET=utf8mb4 COLLATE=utf8mb4_unicode_ci;

-- --------------------------------------------------------

--
-- Table structure for table `kameti_members`
--

CREATE TABLE `kameti_members` (
  `id` bigint(20) UNSIGNED NOT NULL,
  `member_id` bigint(20) UNSIGNED NOT NULL,
  `ekameti_id` bigint(20) UNSIGNED NOT NULL,
  `status` varchar(15) COLLATE utf8mb4_unicode_ci DEFAULT NULL,
  `total_ekameti` varchar(10) COLLATE utf8mb4_unicode_ci DEFAULT NULL,
  `add_by` varchar(20) COLLATE utf8mb4_unicode_ci DEFAULT NULL,
  `pending_kameti` int(11) NOT NULL,
  `payable_amount` int(11) NOT NULL,
  `created_at` timestamp NULL DEFAULT NULL,
  `updated_at` timestamp NULL DEFAULT NULL
) ENGINE=InnoDB DEFAULT CHARSET=utf8mb4 COLLATE=utf8mb4_unicode_ci;

--
-- Dumping data for table `kameti_members`
--

INSERT INTO `kameti_members` (`id`, `member_id`, `ekameti_id`, `status`, `total_ekameti`, `add_by`, `pending_kameti`, `payable_amount`, `created_at`, `updated_at`) VALUES
(287, 127, 272, 'Active', '1', '0', 0, 0, '2022-07-19 07:54:53', '2022-07-19 07:54:53'),
(288, 129, 272, 'Active', '1', '0', 0, 0, '2022-07-19 07:54:53', '2022-07-19 07:54:53'),
(289, 130, 272, 'Active', '1', '0', 0, 0, '2022-07-19 07:54:53', '2022-07-19 07:54:53'),
(290, 131, 272, 'Active', '1', '0', 0, 0, '2022-07-19 07:54:53', '2022-07-19 07:54:53'),
(291, 132, 272, 'Active', '1', '0', 0, 0, '2022-07-19 07:54:54', '2022-07-19 07:54:54'),
(293, 127, 273, 'Active', '1', '0', 0, 0, '2022-07-19 07:55:28', '2022-07-19 07:55:28'),
(294, 129, 273, 'Active', '1', '0', 0, 0, '2022-07-19 07:55:28', '2022-07-19 07:55:28'),
(295, 130, 273, 'Active', '1', '0', 0, 0, '2022-07-19 07:55:28', '2022-07-19 07:55:28'),
(296, 131, 273, 'Active', '1', '0', 0, 0, '2022-07-19 07:55:28', '2022-07-19 07:55:28'),
(297, 132, 273, 'Active', '1', '0', 0, 0, '2022-07-19 07:55:28', '2022-07-19 07:55:28'),
(299, 127, 274, 'Active', '1', '0', 0, 0, '2022-07-19 07:55:51', '2022-07-19 07:55:51'),
(300, 129, 274, 'Active', '1', '0', 0, 0, '2022-07-19 07:55:51', '2022-07-19 07:55:51'),
(301, 130, 274, 'Active', '1', '0', 0, 0, '2022-07-19 07:55:51', '2022-07-19 07:55:51'),
(302, 131, 274, 'Active', '1', '0', 0, 0, '2022-07-19 07:55:51', '2022-07-19 07:55:51'),
(303, 132, 274, 'Active', '1', '0', 0, 0, '2022-07-19 07:55:51', '2022-07-19 07:55:51'),
(305, 127, 275, 'Active', '1', '0', 0, 0, '2022-07-19 07:56:20', '2022-07-19 07:56:20'),
(306, 129, 275, 'Active', '1', '0', 0, 0, '2022-07-19 07:56:20', '2022-07-19 07:56:20'),
(307, 130, 275, 'Active', '1', '0', 0, 0, '2022-07-19 07:56:20', '2022-07-19 07:56:20'),
(308, 131, 275, 'Active', '1', '0', 0, 0, '2022-07-19 07:56:20', '2022-07-19 07:56:20'),
(309, 132, 275, 'Active', '1', '0', 0, 0, '2022-07-19 07:56:20', '2022-07-19 07:56:20'),
(311, 127, 276, 'Active', '1', '0', 0, 0, '2022-07-19 07:56:42', '2022-07-19 07:56:42'),
(312, 129, 276, 'Active', '1', '0', 0, 0, '2022-07-19 07:56:42', '2022-07-19 07:56:42'),
(313, 130, 276, 'Active', '1', '0', 0, 0, '2022-07-19 07:56:42', '2022-07-19 07:56:42'),
(314, 131, 276, 'Active', '1', '0', 0, 0, '2022-07-19 07:56:42', '2022-07-19 07:56:42'),
(315, 132, 276, 'Active', '1', '0', 0, 0, '2022-07-19 07:56:42', '2022-07-19 07:56:42'),
(317, 127, 277, 'Active', '1', '0', 0, 0, '2022-07-19 07:56:58', '2022-07-19 07:56:58'),
(318, 129, 277, 'Active', '1', '0', 0, 0, '2022-07-19 07:56:58', '2022-07-19 07:56:58'),
(319, 130, 277, 'Active', '1', '0', 0, 0, '2022-07-19 07:56:58', '2022-07-19 07:56:58'),
(320, 131, 277, 'Active', '1', '0', 0, 0, '2022-07-19 07:56:58', '2022-07-19 07:56:58'),
(321, 132, 277, 'Active', '1', '0', 0, 0, '2022-07-19 07:56:58', '2022-07-19 07:56:58'),
(324, 127, 279, 'Active', '2', '0', 0, 0, '2022-07-19 07:58:56', '2022-07-19 07:58:56'),
(325, 129, 279, 'Active', '2', '0', 0, 0, '2022-07-19 07:58:56', '2022-07-19 07:58:56'),
(330, 127, 283, 'Active', '1', '0', 0, 0, '2022-07-19 08:09:08', '2022-07-19 08:09:08'),
(331, 129, 283, 'Active', '1', '0', 0, 0, '2022-07-19 08:09:08', '2022-07-19 08:09:08'),
(332, 130, 283, 'Active', '1', '0', 0, 0, '2022-07-19 08:09:08', '2022-07-19 08:09:08'),
(333, 131, 283, 'Active', '1', '0', 0, 0, '2022-07-19 08:09:08', '2022-07-19 08:09:08'),
(334, 132, 283, 'Active', '1', '0', 0, 0, '2022-07-19 08:09:08', '2022-07-19 08:09:08'),
(336, 127, 284, 'Active', '1', '0', 0, 0, '2022-07-19 08:09:28', '2022-07-19 08:09:28'),
(337, 129, 284, 'Active', '1', '0', 0, 0, '2022-07-19 08:09:28', '2022-07-19 08:09:28'),
(338, 130, 284, 'Active', '1', '0', 0, 0, '2022-07-19 08:09:28', '2022-07-19 08:09:28'),
(339, 131, 284, 'Active', '1', '0', 0, 0, '2022-07-19 08:09:28', '2022-07-19 08:09:28'),
(340, 132, 284, 'Active', '1', '0', 0, 0, '2022-07-19 08:09:28', '2022-07-19 08:09:28'),
(357, 127, 299, 'Active', '2', '0', 0, 0, '2022-07-21 03:33:32', '2022-07-21 03:33:32'),
(358, 129, 299, 'Active', '1', '0', 0, 0, '2022-07-21 03:33:32', '2022-07-21 03:33:32'),
(388, 127, 187, 'Active', '2', '0', 0, 0, '2022-07-19 02:02:07', '2022-07-25 08:00:42'),
(390, 127, 157, 'Active', '1', '0', 0, 0, '2022-07-18 01:23:18', '2022-07-26 01:12:45'),
(391, 130, 157, 'Active', '1', '0', 0, 0, '2022-07-18 01:23:18', '2022-08-03 06:15:42'),
(392, 130, 302, 'Active', '2', '0', 0, 0, '2022-07-26 03:45:14', '2022-07-26 03:45:14'),
(394, 129, 302, 'Active', '1', '0', 0, 0, '2022-07-26 03:45:14', '2022-07-26 03:45:14'),
(395, 130, 303, 'Active', '2', '0', 0, 0, '2022-07-26 04:37:35', '2022-07-26 04:37:35'),
(397, 129, 303, 'Active', '1', '0', 0, 0, '2022-07-26 04:37:35', '2022-07-26 04:37:35'),
(398, 130, 304, 'Active', '2', '0', 0, 0, '2022-07-26 04:38:17', '2022-07-26 04:38:17'),
(399, 130, 305, 'Active', '2', '0', 0, 0, '2022-07-26 04:39:54', '2022-07-26 04:39:54'),
(400, 130, 306, 'Active', '2', '0', 0, 0, '2022-07-26 04:40:05', '2022-07-26 04:40:05'),
(401, 130, 307, 'Active', '2', '0', 0, 0, '2022-07-26 04:41:24', '2022-07-26 04:41:24'),
(402, 130, 308, 'Active', '2', '0', 0, 0, '2022-07-26 04:41:40', '2022-07-26 04:41:40'),
(403, 130, 309, 'Active', '2', '0', 0, 0, '2022-07-26 04:41:49', '2022-07-26 04:41:49'),
(404, 130, 310, 'Active', '2', '0', 0, 0, '2022-07-26 04:42:02', '2022-07-26 04:42:02'),
(406, 130, 311, 'Active', '2', '0', 0, 0, '2022-07-26 04:42:05', '2022-07-26 04:42:05'),
(408, 130, 312, 'Active', '2', '0', 0, 0, '2022-07-26 04:42:23', '2022-07-26 04:42:23'),
(409, 130, 313, 'Active', '2', '0', 0, 0, '2022-07-26 04:47:47', '2022-07-26 04:47:47'),
(410, 130, 314, 'Active', '2', '0', 0, 0, '2022-07-26 04:51:46', '2022-07-26 04:51:46'),
(411, 130, 315, 'Active', '2', '0', 0, 0, '2022-07-26 04:52:30', '2022-07-26 04:52:30'),
(412, 130, 316, 'Active', '2', '0', 0, 0, '2022-07-26 04:53:01', '2022-07-26 04:53:01'),
(413, 130, 317, 'Active', '2', '0', 0, 0, '2022-07-26 04:53:45', '2022-07-26 04:53:45'),
(414, 130, 318, 'Active', '2', '0', 0, 0, '2022-07-26 04:53:53', '2022-07-26 04:53:53'),
(415, 130, 319, 'Active', '2', '0', 0, 0, '2022-07-26 04:53:55', '2022-07-26 04:53:55'),
(416, 130, 320, 'Active', '2', '0', 0, 0, '2022-07-26 04:54:37', '2022-07-26 04:54:37'),
(417, 130, 321, 'Active', '2', '0', 0, 0, '2022-07-26 04:58:30', '2022-07-26 04:58:30'),
(418, 130, 322, 'Active', '2', '0', 0, 0, '2022-07-26 05:48:27', '2022-07-26 05:48:27'),
(421, 130, 323, 'Active', '2', '0', 0, 0, '2022-07-26 05:49:41', '2022-07-26 05:49:41'),
(423, 129, 323, 'Active', '1', '0', 0, 0, '2022-07-26 05:49:41', '2022-07-26 05:49:41'),
(427, 130, 325, 'Active', '2', '0', 0, 0, '2022-07-26 07:01:00', '2022-07-26 07:01:00'),
(429, 129, 325, 'Active', '1', '0', 0, 0, '2022-07-26 07:01:00', '2022-07-26 07:01:00'),
(437, 130, 333, 'Active', '2', '0', 2, 0, '2022-07-26 08:55:32', '2022-07-26 08:55:32'),
(438, 130, 334, 'Active', '2', '0', 2, 0, '2022-07-26 08:57:31', '2022-07-26 08:57:31'),
(439, 130, 335, 'Active', '2', '0', 2, 0, '2022-07-26 09:04:01', '2022-07-26 09:04:01'),
(441, 129, 335, 'Active', '1', '0', 1, 0, '2022-07-26 09:04:01', '2022-07-26 09:04:01'),
(445, 131, 339, 'Active', '2', '0', 2, 0, '2022-07-28 01:54:33', '2022-07-28 01:54:33'),
(446, 131, 340, 'Active', '2', '0', 2, 0, '2022-07-28 01:55:36', '2022-07-28 01:55:36'),
(447, 131, 341, 'Active', '2', '0', 2, 0, '2022-07-28 01:56:25', '2022-07-28 01:56:25'),
(448, 119, 341, 'Active', '3', '0', 3, 0, '2022-07-28 01:56:25', '2022-07-28 02:08:57'),
(455, 119, 343, 'Active', '2', '0', 2, 20000, '2022-07-28 08:39:38', '2022-07-28 08:39:38'),
(456, 119, 344, 'Active', '2', '0', 2, 20000, '2022-07-28 08:44:56', '2022-07-28 08:44:56'),
(457, 119, 345, 'Active', '2', '0', 2, 20000, '2022-07-28 08:47:01', '2022-07-28 08:47:01'),
(458, 119, 346, 'Active', '2', '0', 2, 20000, '2022-07-28 08:47:21', '2022-07-28 08:47:21'),
(459, 119, 347, 'Active', '2', '0', 2, 20000, '2022-07-28 08:48:07', '2022-07-28 08:48:07'),
(460, 119, 348, 'Active', '2', '0', 2, 20000, '2022-07-28 08:49:54', '2022-07-28 08:49:54'),
(461, 119, 349, 'Active', '2', '0', 2, 20000, '2022-07-28 08:50:55', '2022-07-28 08:50:55'),
(464, 119, 351, 'Active', '2', '0', 2, 20000, '2022-07-28 08:56:41', '2022-07-28 08:56:41'),
(467, 129, 352, 'Active', '2', '0', 1, 2000, '2022-07-28 08:58:28', '2022-08-03 08:22:34'),
(469, 127, 352, 'Pending', '6', '0', 6, 60000, '2022-07-28 08:58:27', '2022-07-29 02:55:52'),
(470, 133, 353, 'Active', '2', '0', 2, 20000, '2022-07-29 08:20:55', '2022-07-29 08:20:55'),
(471, 119, 157, 'Pending', NULL, '0', 1, 10000, '2022-07-18 01:23:18', '2022-07-29 09:28:44'),
(472, 131, 158, 'Pending', NULL, '0', 1, 10000, '2022-07-18 01:23:36', '2022-08-01 01:57:36'),
(479, 123, 363, 'Active', '2', '123', 2, 20000, '2022-08-01 02:37:21', '2022-08-03 06:22:58'),
(482, 119, 366, 'Active', '2', '137', 1, 20000, '2022-08-01 02:41:07', '2022-08-02 01:49:18'),
(488, 119, 369, 'Active', '2', NULL, 2, 20000, '2022-08-03 08:55:39', '2022-08-03 08:55:39'),
(489, 129, 369, 'Active', '2', '119', 2, 20000, '2022-08-03 08:55:40', '2022-08-03 08:55:40');

-- --------------------------------------------------------

--
-- Table structure for table `kameti_term_and_conditions`
--

CREATE TABLE `kameti_term_and_conditions` (
  `id` int(11) NOT NULL,
  `user_id` int(20) NOT NULL,
  `ekameti_id` int(20) UNSIGNED NOT NULL,
  `terms_and_conditions` varchar(300) DEFAULT NULL,
  `created_at` date NOT NULL,
  `updated_at` date NOT NULL
) ENGINE=InnoDB DEFAULT CHARSET=utf8mb4;

--
-- Dumping data for table `kameti_term_and_conditions`
--

INSERT INTO `kameti_term_and_conditions` (`id`, `user_id`, `ekameti_id`, `terms_and_conditions`, `created_at`, `updated_at`) VALUES
(43, 99, 126, NULL, '2022-07-06', '2022-07-06'),
(44, 74, 127, NULL, '2022-07-08', '2022-07-08'),
(45, 74, 128, NULL, '2022-07-08', '2022-07-08'),
(46, 74, 129, NULL, '2022-07-08', '2022-07-08'),
(47, 74, 130, NULL, '2022-07-13', '2022-07-13'),
(48, 74, 131, NULL, '2022-07-13', '2022-07-13'),
(49, 74, 132, NULL, '2022-07-13', '2022-07-13'),
(50, 130, 133, NULL, '2022-07-14', '2022-07-14'),
(51, 119, 134, NULL, '2022-07-15', '2022-07-15'),
(52, 119, 136, NULL, '2022-07-15', '2022-07-15'),
(53, 119, 137, NULL, '2022-07-15', '2022-07-15'),
(54, 129, 142, NULL, '2022-07-15', '2022-07-15'),
(55, 129, 143, NULL, '2022-07-15', '2022-07-15'),
(56, 129, 144, NULL, '2022-07-15', '2022-07-15'),
(57, 129, 145, NULL, '2022-07-15', '2022-07-15'),
(58, 129, 146, NULL, '2022-07-18', '2022-07-18'),
(59, 129, 148, NULL, '2022-07-18', '2022-07-18'),
(60, 129, 149, NULL, '2022-07-18', '2022-07-18'),
(61, 119, 162, NULL, '2022-07-18', '2022-07-18'),
(62, 119, 163, NULL, '2022-07-18', '2022-07-18'),
(63, 119, 169, NULL, '2022-07-18', '2022-07-18'),
(64, 119, 171, NULL, '2022-07-18', '2022-07-18'),
(65, 119, 178, NULL, '2022-07-18', '2022-07-18'),
(66, 119, 180, NULL, '2022-07-18', '2022-07-18'),
(67, 119, 191, NULL, '2022-07-19', '2022-07-19'),
(68, 119, 199, NULL, '2022-07-19', '2022-07-19'),
(69, 119, 203, NULL, '2022-07-19', '2022-07-19'),
(70, 119, 222, NULL, '2022-07-19', '2022-07-19'),
(71, 119, 236, NULL, '2022-07-19', '2022-07-19'),
(72, 119, 240, NULL, '2022-07-19', '2022-07-19'),
(73, 119, 241, NULL, '2022-07-19', '2022-07-19'),
(74, 119, 242, NULL, '2022-07-19', '2022-07-19'),
(75, 119, 243, NULL, '2022-07-19', '2022-07-19'),
(76, 119, 244, NULL, '2022-07-19', '2022-07-19'),
(77, 119, 247, NULL, '2022-07-19', '2022-07-19'),
(78, 119, 277, NULL, '2022-07-19', '2022-07-19'),
(79, 119, 279, NULL, '2022-07-19', '2022-07-19'),
(80, 119, 281, NULL, '2022-07-19', '2022-07-19'),
(81, 119, 283, NULL, '2022-07-19', '2022-07-19'),
(82, 119, 284, NULL, '2022-07-19', '2022-07-19');

-- --------------------------------------------------------

--
-- Table structure for table `migrations`
--

CREATE TABLE `migrations` (
  `id` int(10) UNSIGNED NOT NULL,
  `migration` varchar(255) COLLATE utf8mb4_unicode_ci NOT NULL,
  `batch` int(11) NOT NULL
) ENGINE=InnoDB DEFAULT CHARSET=utf8mb4 COLLATE=utf8mb4_unicode_ci;

--
-- Dumping data for table `migrations`
--

INSERT INTO `migrations` (`id`, `migration`, `batch`) VALUES
(1, '2019_12_14_000001_create_personal_access_tokens_table', 1),
(2, '2022_06_17_114522_create_users_table', 1),
(3, '2022_06_20_104434_create_ekameti_table', 1),
(4, '2017_04_04_185723_create_invites_table', 2);

-- --------------------------------------------------------

--
-- Table structure for table `personal_access_tokens`
--

CREATE TABLE `personal_access_tokens` (
  `id` bigint(20) UNSIGNED NOT NULL,
  `tokenable_type` varchar(255) COLLATE utf8mb4_unicode_ci NOT NULL,
  `tokenable_id` bigint(20) UNSIGNED NOT NULL,
  `name` varchar(255) COLLATE utf8mb4_unicode_ci NOT NULL,
  `token` varchar(64) COLLATE utf8mb4_unicode_ci NOT NULL,
  `abilities` text COLLATE utf8mb4_unicode_ci DEFAULT NULL,
  `last_used_at` timestamp NULL DEFAULT NULL,
  `created_at` timestamp NULL DEFAULT NULL,
  `updated_at` timestamp NULL DEFAULT NULL
) ENGINE=InnoDB DEFAULT CHARSET=utf8mb4 COLLATE=utf8mb4_unicode_ci;

--
-- Dumping data for table `personal_access_tokens`
--

INSERT INTO `personal_access_tokens` (`id`, `tokenable_type`, `tokenable_id`, `name`, `token`, `abilities`, `last_used_at`, `created_at`, `updated_at`) VALUES
(1, 'App\\Models\\User', 123, 'API TOKEN', '8da9f9109718d8593937f6f3f8205eb219e4e1cae32fa4e9bf0549b8db8a5ac3', '[\"*\"]', NULL, '2022-07-07 06:16:54', '2022-07-07 06:16:54'),
(2, 'App\\Models\\User', 124, 'API TOKEN', 'ea602d39103063a3f52a1e60ccc469dc25a3698eaebe68cb0322772290d77eb0', '[\"*\"]', NULL, '2022-07-07 06:18:33', '2022-07-07 06:18:33'),
(3, 'App\\Models\\User', 125, 'API TOKEN', '7c6f12b95076761effcc6db3fc13d69da81e9429562c5c8e8f41f7db0c319264', '[\"*\"]', NULL, '2022-07-07 06:36:08', '2022-07-07 06:36:08'),
(4, 'App\\Models\\User', 125, 'API TOKEN', '1521af15e7d954abad841649f0c4f5d782a7ae33964b4745773ff0342f811913', '[\"*\"]', NULL, '2022-07-07 08:22:30', '2022-07-07 08:22:30'),
(5, 'App\\Models\\User', 125, 'API TOKEN', '855d45bab68ca2171cede27713fa57f71aec97fbfd23256ab0018c29a1954555', '[\"*\"]', NULL, '2022-07-07 08:24:19', '2022-07-07 08:24:19'),
(6, 'App\\Models\\User', 126, 'API TOKEN', 'e7ccb4977791349060701a84565ac7c6d43ddf4fdb5f65eb9ab09fb271cd5d8b', '[\"*\"]', NULL, '2022-07-08 00:55:44', '2022-07-08 00:55:44'),
(7, 'App\\Models\\User', 126, 'API TOKEN', 'bae6126a78945ef3cef4c1dace1980e20d33a9bd963f9b7e6e650d5942bf5efa', '[\"*\"]', '2022-07-13 02:48:58', '2022-07-08 02:14:49', '2022-07-13 02:48:58'),
(8, 'App\\Models\\User', 126, 'API TOKEN', '0dba247b5c2ed6b6b2df94aa1bca3303e686257470a24a2343e74c8e75af3a30', '[\"*\"]', NULL, '2022-07-08 05:11:40', '2022-07-08 05:11:40'),
(9, 'App\\Models\\User', 126, 'API TOKEN', '7314497984e5550ec8014ce57a27886d4034124bfd044285fc2b15bf74f3ba58', '[\"*\"]', '2022-07-13 01:53:33', '2022-07-08 05:12:24', '2022-07-13 01:53:33'),
(10, 'App\\Models\\User', 127, 'API TOKEN', '7f252133edd1deab12a77419225d1da4008dfa0d57136aa4118a252637eff36a', '[\"*\"]', '2022-07-13 02:17:20', '2022-07-13 01:38:11', '2022-07-13 02:17:20'),
(11, 'App\\Models\\User', 127, 'API TOKEN', '1e498380407a4c590b5c3b593ca5bbaa30e686d9c78acf069afe97afaeee384c', '[\"*\"]', '2022-07-13 02:04:24', '2022-07-13 01:48:34', '2022-07-13 02:04:24'),
(12, 'App\\Models\\User', 127, 'API TOKEN', '2655f924bbe0e07fc9c8a93da58620afb063ba5daa0f6ca40a6ceefaa5f34663', '[\"*\"]', NULL, '2022-07-13 01:48:58', '2022-07-13 01:48:58'),
(13, 'App\\Models\\User', 127, 'API TOKEN', '33d7931185f030a72e9a95b90c46c48021e8e257f268b8e6377427e4bbe10aa5', '[\"*\"]', NULL, '2022-07-13 02:25:38', '2022-07-13 02:25:38'),
(14, 'App\\Models\\User', 127, 'API TOKEN', '260e98acd17978137e8c07382482eb81e443c39c9dce22816f48d08fac06a975', '[\"*\"]', NULL, '2022-07-13 03:03:49', '2022-07-13 03:03:49'),
(15, 'App\\Models\\User', 127, 'API TOKEN', '32412e32d64010d9f1630b928ae13242d7dd64336e6d6dc997c80c4820281c92', '[\"*\"]', NULL, '2022-07-13 03:37:52', '2022-07-13 03:37:52'),
(16, 'App\\Models\\User', 127, 'API TOKEN', 'b191ea7319722d075329dd9861fca42f7c5110acb8141fc17b1c1cf44907b779', '[\"*\"]', NULL, '2022-07-13 03:40:34', '2022-07-13 03:40:34'),
(17, 'App\\Models\\User', 127, 'API TOKEN', 'a04908685da7fff6d39197ba82ff2e14187c6cdcb1faa3ebfe0420d143b69847', '[\"*\"]', NULL, '2022-07-13 03:56:52', '2022-07-13 03:56:52');

-- --------------------------------------------------------

--
-- Table structure for table `push_notifications`
--

CREATE TABLE `push_notifications` (
  `id` int(11) NOT NULL,
  `receiver_id` int(11) DEFAULT NULL,
  `title` varchar(30) NOT NULL,
  `sender_id` int(11) DEFAULT NULL,
  `msg` varchar(250) NOT NULL,
  `created_at` timestamp NOT NULL DEFAULT current_timestamp() ON UPDATE current_timestamp(),
  `updated_at` date NOT NULL
) ENGINE=InnoDB DEFAULT CHARSET=utf8mb4;

--
-- Dumping data for table `push_notifications`
--

INSERT INTO `push_notifications` (`id`, `receiver_id`, `title`, `sender_id`, `msg`, `created_at`, `updated_at`) VALUES
(1, 119, 'Ekameti', 119, 'Kameti has created Successfully', '2022-07-27 19:00:00', '2022-07-28'),
(2, 119, 'Ekameti', 119, 'Kameti has created Successfully', '2022-07-27 19:00:00', '2022-07-28'),
(3, 129, 'Ekameti', 119, 'AliaRequest you to join my kameti', '2022-07-27 19:00:00', '2022-07-28'),
(4, 119, 'Ekameti', 119, 'Kameti has created Successfully', '2022-07-27 19:00:00', '2022-07-28'),
(5, 129, 'Ekameti', 119, 'AliaRequest you to join my kameti', '2022-07-27 19:00:00', '2022-07-28'),
(6, 119, 'Ekameti', 119, 'Kameti has created Successfully', '2022-07-27 19:00:00', '2022-07-28'),
(7, 129, 'Ekameti', 119, 'AliaRequest you to join my kameti', '2022-07-27 19:00:00', '2022-07-28'),
(8, 119, 'Ekameti', 127, 'Adnan is requested to your join kameti', '2022-07-27 19:00:00', '2022-07-28'),
(9, 129, 'Ekameti', 129, 'Aliyan Congratulation Your Kameti Has Dropped And Please Contact To Admin', '2022-07-28 19:00:00', '2022-07-29'),
(10, 129, 'Ekameti', 129, 'Prepare For Giving Kameti Aliyan2022-01-01100000', '2022-07-28 19:00:00', '2022-07-29'),
(11, 129, 'Ekameti', 129, 'Aliyan Congratulation Your Kameti Has Dropped And Please Contact To Admin', '2022-07-28 19:00:00', '2022-07-29'),
(12, 129, 'Ekameti', 129, 'Prepare For Giving Kameti Aliyan2022-01-01100000', '2022-07-28 19:00:00', '2022-07-29'),
(13, 129, 'Ekameti', 129, 'Aliyan Congratulation Your Kameti Has Dropped And Please Contact To Admin', '2022-07-28 19:00:00', '2022-07-29'),
(14, 129, 'Ekameti', 129, 'Aliyan Congratulation Your Kameti Has Dropped And Please Contact To Admin', '2022-07-28 19:00:00', '2022-07-29'),
(15, 129, 'Ekameti', 129, 'Aliyan Congratulation Your Kameti Has Dropped And Please Contact To Admin', '2022-07-28 19:00:00', '2022-07-29'),
(16, 129, 'Ekameti', 129, 'Prepare For Giving Kameti Aliyan2022-01-01100000', '2022-07-28 19:00:00', '2022-07-29'),
(17, 129, 'Ekameti', 129, 'Aliyan Congratulation Your Kameti Has Dropped And Please Contact To Admin', '2022-07-28 19:00:00', '2022-07-29'),
(18, 129, 'Ekameti', 129, 'Prepare For Giving Kameti Aliyan2022-01-01100000', '2022-07-28 19:00:00', '2022-07-29'),
(19, 129, 'Ekameti', 129, 'Aliyan Congratulation Your Kameti Has Dropped And Please Contact To Admin', '2022-07-28 19:00:00', '2022-07-29'),
(20, 129, 'Ekameti', 129, 'Prepare For Giving Kameti Aliyan2022-01-01100000', '2022-07-28 19:00:00', '2022-07-29'),
(21, 129, 'Ekameti', 129, 'Aliyan Congratulation Your Kameti Has Dropped And Please Contact To Admin', '2022-07-28 19:00:00', '2022-07-29'),
(22, 129, 'Ekameti', 129, 'Prepare For Giving Kameti Aliyan2022-01-01100000', '2022-07-28 19:00:00', '2022-07-29'),
(23, 129, 'Ekameti', 129, 'Aliyan Congratulation Your Kameti Has Dropped And Please Contact To Admin', '2022-07-28 19:00:00', '2022-07-29'),
(24, 129, 'Ekameti', 129, 'Prepare For Giving Kameti Aliyan2022-01-01100000', '2022-07-28 19:00:00', '2022-07-29'),
(25, 129, 'Ekameti', 127, 'Adnan is requested to your join kameti', '2022-07-28 19:00:00', '2022-07-29'),
(26, 129, 'Ekameti', 129, 'Aliyan Congratulation Your Kameti Has Dropped And Please Contact To Admin', '2022-07-28 19:00:00', '2022-07-29'),
(27, 129, 'Ekameti', 129, 'Prepare For Giving Kameti Aliyan 2022-01-01 100000', '2022-07-28 19:00:00', '2022-07-29'),
(28, 129, 'Ekameti', 119, 'Sulman is requested to your join kameti', '2022-07-28 19:00:00', '2022-07-29'),
(29, 129, 'Ekameti', 131, 'Adnan is requested to your join kameti', '2022-07-31 19:00:00', '2022-08-01'),
(30, 137, 'Ekameti', 137, 'Kameti has created Successfully', '2022-07-31 19:00:00', '2022-08-01'),
(31, 137, 'Ekameti', 137, 'Kameti has created Successfully', '2022-07-31 19:00:00', '2022-08-01'),
(32, 137, 'Ekameti', 137, 'Kameti has created Successfully', '2022-07-31 19:00:00', '2022-08-01'),
(33, 137, 'Ekameti', 137, 'Kameti has created Successfully', '2022-07-31 19:00:00', '2022-08-01'),
(34, 137, 'Ekameti', 137, 'Kameti has created Successfully', '2022-07-31 19:00:00', '2022-08-01'),
(35, 137, 'Ekameti', 137, 'Kameti has created Successfully', '2022-07-31 19:00:00', '2022-08-01'),
(36, 137, 'Ekameti', 137, 'Kameti has created Successfully', '2022-07-31 19:00:00', '2022-08-01'),
(37, 137, 'Ekameti', 137, 'Kameti has created Successfully', '2022-07-31 19:00:00', '2022-08-01'),
(38, 137, 'Ekameti', 137, 'Kameti has created Successfully', '2022-07-31 19:00:00', '2022-08-01'),
(39, 137, 'Ekameti', 137, 'Kameti has created Successfully', '2022-07-31 19:00:00', '2022-08-01'),
(40, 119, 'Ekameti', 137, 'Ali Request you to join my kameti', '2022-07-31 19:00:00', '2022-08-01'),
(41, 119, 'Ekameti', 119, 'Kameti has created Successfully', '2022-07-31 19:00:00', '2022-08-01'),
(42, 129, 'Ekameti', 119, 'Ali Request you to join my kameti', '2022-07-31 19:00:00', '2022-08-01'),
(43, 119, 'Ekameti', 119, 'Sulman Congratulation Your Kameti Has Dropped And Please Contact To Admin', '2022-07-31 19:00:00', '2022-08-01'),
(44, 119, 'Ekameti', 119, 'Prepare For Giving Kameti Sulman 2022-01-01 100000', '2022-07-31 19:00:00', '2022-08-01'),
(45, 119, 'Ekameti', 119, 'Sulman Congratulation Your Kameti Has Dropped And Please Contact To Admin', '2022-07-31 19:00:00', '2022-08-01'),
(46, 119, 'Ekameti', 119, 'Prepare For Giving Kameti Sulman 2022-01-01 100000', '2022-07-31 19:00:00', '2022-08-01'),
(47, 119, 'Ekameti', 119, 'Sulman Congratulation Your Kameti Has Dropped And Please Contact To Admin', '2022-07-31 19:00:00', '2022-08-01'),
(48, 119, 'Ekameti', 119, 'Prepare For Giving Kameti Sulman 2022-01-01 100000', '2022-07-31 19:00:00', '2022-08-01'),
(49, 119, 'Ekameti', 119, 'Sulman Congratulation Your Kameti Has Dropped And Please Contact To Admin', '2022-07-31 19:00:00', '2022-08-01'),
(50, 119, 'Ekameti', 119, 'Prepare For Giving Kameti Sulman 2022-01-01 100000', '2022-07-31 19:00:00', '2022-08-01'),
(51, 119, 'Ekameti', 119, 'Sulman Congratulation Your Kameti Has Dropped And Please Contact To Admin', '2022-07-31 19:00:00', '2022-08-01'),
(52, 119, 'Ekameti', 119, 'Prepare For Giving Kameti Sulman 2022-01-01 100000', '2022-07-31 19:00:00', '2022-08-01'),
(53, 119, 'Ekameti', 119, 'Sulman Congratulation Your Kameti Has Dropped And Please Contact To Admin', '2022-07-31 19:00:00', '2022-08-01'),
(54, 119, 'Ekameti', 119, 'Sulman Congratulation Your Kameti Has Dropped And Please Contact To Admin', '2022-07-31 19:00:00', '2022-08-01'),
(55, 119, 'Ekameti', 119, 'Sulman Congratulation Your Kameti Has Dropped And Please Contact To Admin', '2022-07-31 19:00:00', '2022-08-01'),
(56, 119, 'Ekameti', 119, 'Sulman Congratulation Your Kameti Has Dropped And Please Contact To Admin', '2022-07-31 19:00:00', '2022-08-01'),
(57, 119, 'Ekameti', 119, 'Sulman Congratulation Your Kameti Has Dropped And Please Contact To Admin', '2022-07-31 19:00:00', '2022-08-01'),
(58, 119, 'Ekameti', 119, 'Sulman Congratulation Your Kameti Has Dropped And Please Contact To Admin', '2022-07-31 19:00:00', '2022-08-01'),
(59, 119, 'Ekameti', 119, 'Sulman Congratulation Your Kameti Has Dropped And Please Contact To Admin', '2022-07-31 19:00:00', '2022-08-01'),
(60, 119, 'Ekameti', 119, 'Sulman Congratulation Your Kameti Has Dropped And Please Contact To Admin', '2022-07-31 19:00:00', '2022-08-01'),
(61, 119, 'Ekameti', 119, 'Sulman Congratulation Your Kameti Has Dropped And Please Contact To Admin', '2022-07-31 19:00:00', '2022-08-01'),
(62, 119, 'Ekameti', 119, 'Sulman Congratulation Your Kameti Has Dropped And Please Contact To Admin', '2022-07-31 19:00:00', '2022-08-01'),
(63, 119, 'Ekameti', 119, 'Sulman Congratulation Your Kameti Has Dropped And Please Contact To Admin', '2022-08-01 19:00:00', '2022-08-02'),
(64, 119, 'Ekameti', 119, 'Sulman Congratulation Your Kameti Has Dropped And Please Contact To Admin', '2022-08-01 19:00:00', '2022-08-02'),
(65, 119, 'Ekameti', 119, 'Prepare For Giving Kameti Sulman 2022-01-01 100000', '2022-08-01 19:00:00', '2022-08-02'),
(66, 119, 'Ekameti', 119, 'Sulman Congratulation Your Kameti Has Dropped And Please Contact To Admin', '2022-08-01 19:00:00', '2022-08-02'),
(67, 119, 'Ekameti', 119, 'Sulman Congratulation Your Kameti Has Dropped And Please Contact To Admin', '2022-08-01 19:00:00', '2022-08-02'),
(68, 119, 'Ekameti', 119, 'Sulman Congratulation Your Kameti Has Dropped And Please Contact To Admin', '2022-08-01 19:00:00', '2022-08-02'),
(69, 119, 'Ekameti', 119, 'Sulman Congratulation Your Kameti Has Dropped And Please Contact To Admin', '2022-08-01 19:00:00', '2022-08-02'),
(70, 119, 'Ekameti', 119, 'Sulman Congratulation Your Kameti Has Dropped And Please Contact To Admin', '2022-08-01 19:00:00', '2022-08-02'),
(71, 119, 'Ekameti', 119, 'Sulman Congratulation Your Kameti Has Dropped And Please Contact To Admin', '2022-08-01 19:00:00', '2022-08-02'),
(72, 119, 'Ekameti', 119, 'Sulman Congratulation Your Kameti Has Dropped And Please Contact To Admin', '2022-08-01 19:00:00', '2022-08-02'),
(73, 119, 'Ekameti', 119, 'Sulman Congratulation Your Kameti Has Dropped And Please Contact To Admin', '2022-08-01 19:00:00', '2022-08-02'),
(74, 119, 'Ekameti', 137, 'Sulman Congratulation Your Kameti Has Dropped And Please Contact To Admin', '2022-08-01 19:00:00', '2022-08-02'),
(75, 119, 'Ekameti', 137, 'Sulman Congratulation Your Kameti Has Dropped And Please Contact To Admin', '2022-08-01 19:00:00', '2022-08-02'),
(76, 119, 'Ekameti', 137, 'Sulman Congratulation Your Kameti Has Dropped And Please Contact To Admin', '2022-08-01 19:00:00', '2022-08-02'),
(77, 137, 'Ekameti', 133, 'Aliyan Requested you to join his kameti', '2022-08-01 19:00:00', '2022-08-02'),
(78, 137, 'Ekameti', 133, 'Aliyan Congratulation Your Kameti Has Dropped And Please Contact To Admin', '2022-08-01 19:00:00', '2022-08-02'),
(79, 137, 'Ekameti', 133, 'Aliyan Congratulation Your Kameti Has Dropped And Please Contact To Admin', '2022-08-01 19:00:00', '2022-08-02'),
(80, 137, 'Ekameti', 133, 'Aliyan Congratulation Your Kameti Has Dropped And Please Contact To Admin', '2022-08-01 19:00:00', '2022-08-02'),
(81, 137, 'Ekameti', 133, 'Aliyan  Kameti Has Dropped', '2022-08-01 19:00:00', '2022-08-02'),
(82, 133, 'Ekameti', 133, 'Aliyan Congratulation Your Kameti Has Dropped And Please Contact To Admin', '2022-08-01 19:00:00', '2022-08-02'),
(83, 133, 'Ekameti', 133, 'Aliyan Congratulation Your Kameti Has Dropped And Please Contact To Admin', '2022-08-01 19:00:00', '2022-08-02'),
(84, 133, 'Ekameti', 133, 'Aliyan  Kameti Has Dropped', '2022-08-01 19:00:00', '2022-08-02'),
(85, 137, 'Ekameti', 133, 'Aliyan  Kameti Has Dropped', '2022-08-01 19:00:00', '2022-08-02'),
(86, 133, 'Ekameti', 133, 'Prepare For Giving Kameti Aliyan 2022-01-01 100000', '2022-08-01 19:00:00', '2022-08-02'),
(87, 133, 'Ekameti', 133, 'Aliyan Congratulation Your Kameti Has Dropped And Please Contact To Admin', '2022-08-01 19:00:00', '2022-08-02'),
(88, 133, 'Ekameti', 133, 'Aliyan  Kameti Has Dropped', '2022-08-01 19:00:00', '2022-08-02'),
(89, 137, 'Ekameti', 133, 'Aliyan  Kameti Has Dropped', '2022-08-01 19:00:00', '2022-08-02'),
(100, 137, 'Ekameti', 133, 'Ali Congratulation Your Kameti Has Dropped And Please Contact To Admin', '2022-08-01 19:00:00', '2022-08-02'),
(133, 133, 'Ekameti', 133, 'Aliyan  Kameti Has Dropped', '2022-08-01 19:00:00', '2022-08-02'),
(134, 137, 'Ekameti', 133, 'Aliyan  Kameti Has Dropped', '2022-08-01 19:00:00', '2022-08-02'),
(135, 133, 'Ekameti', 133, 'Prepare For Giving Kameti Aliyan 2022-01-01 100000', '2022-08-01 19:00:00', '2022-08-02'),
(136, 133, 'Ekameti', 133, 'Aliyan  Kameti Has Dropped', '2022-08-01 19:00:00', '2022-08-02'),
(137, 137, 'Ekameti', 133, 'Aliyan  Kameti Has Dropped', '2022-08-01 19:00:00', '2022-08-02'),
(138, 133, 'Ekameti', 133, 'Congratulation! Your drop kameti is drop down Aliyan 2022-01-01 100000', '2022-08-01 19:00:00', '2022-08-02'),
(139, 133, 'Ekameti', 133, 'Ali  Kameti Has Dropped', '2022-08-01 19:00:00', '2022-08-02'),
(140, 137, 'Ekameti', 133, 'Ali  Kameti Has Dropped', '2022-08-01 19:00:00', '2022-08-02'),
(141, 133, 'Ekameti', 137, 'Prepare For Giving Kameti Ali 2022-01-01 100000', '2022-08-01 19:00:00', '2022-08-02'),
(142, 133, 'Ekameti', 133, 'Ali  Kameti Has Dropped', '2022-08-01 19:00:00', '2022-08-02'),
(143, 137, 'Ekameti', 133, 'Ali  Kameti Has Dropped', '2022-08-01 19:00:00', '2022-08-02'),
(144, 133, 'Ekameti', 137, 'Prepare For Giving Kameti Ali 2022-01-01 100000', '2022-08-01 19:00:00', '2022-08-02'),
(145, 133, 'Ekameti', 133, 'Ali  Kameti Has Dropped', '2022-08-01 19:00:00', '2022-08-02'),
(146, 137, 'Ekameti', 133, 'Ali  Kameti Has Dropped', '2022-08-01 19:00:00', '2022-08-02'),
(147, 133, 'Ekameti', 137, 'Prepare For Giving Kameti Ali 2022-01-01 100000', '2022-08-01 19:00:00', '2022-08-02'),
(148, 133, 'Ekameti', 133, 'Ali  Kameti Has Dropped', '2022-08-01 19:00:00', '2022-08-02'),
(149, 137, 'Ekameti', 133, 'Ali  Kameti Has Dropped', '2022-08-01 19:00:00', '2022-08-02'),
(150, 133, 'Ekameti', 137, 'Prepare For Giving Kameti Ali 2022-01-01 100000', '2022-08-01 19:00:00', '2022-08-02'),
(151, 133, 'Ekameti', 133, 'Ali  Kameti Has Dropped', '2022-08-01 19:00:00', '2022-08-02'),
(152, 137, 'Ekameti', 133, 'Ali  Kameti Has Dropped', '2022-08-01 19:00:00', '2022-08-02'),
(153, 133, 'Ekameti', 137, 'Prepare For Giving Kameti Ali 2022-01-01 100000', '2022-08-01 19:00:00', '2022-08-02'),
(154, 133, 'Ekameti', 133, 'Ali  Kameti Has Dropped', '2022-08-01 19:00:00', '2022-08-02'),
(155, 137, 'Ekameti', 133, 'Ali  Kameti Has Dropped', '2022-08-01 19:00:00', '2022-08-02'),
(156, 133, 'Ekameti', 137, 'Prepare For Giving Kameti Ali 2022-01-01 100000', '2022-08-01 19:00:00', '2022-08-02'),
(157, 133, 'Ekameti', 133, 'Ali  Kameti Has Dropped', '2022-08-01 19:00:00', '2022-08-02'),
(158, 137, 'Ekameti', 133, 'Ali  Kameti Has Dropped', '2022-08-01 19:00:00', '2022-08-02'),
(159, 133, 'Ekameti', 137, 'Prepare For Giving Kameti Ali 2022-01-01 100000', '2022-08-01 19:00:00', '2022-08-02'),
(160, 133, 'Ekameti', 133, 'Ali  Kameti Has Dropped', '2022-08-01 19:00:00', '2022-08-02'),
(161, 137, 'Ekameti', 133, 'Ali  Kameti Has Dropped', '2022-08-01 19:00:00', '2022-08-02'),
(162, 133, 'Ekameti', 137, 'Prepare For Giving Kameti Ali 2022-01-01 100000', '2022-08-01 19:00:00', '2022-08-02'),
(163, 133, 'Ekameti', 133, 'Ali  Kameti Has Dropped', '2022-08-01 19:00:00', '2022-08-02'),
(164, 137, 'Ekameti', 133, 'Ali  Kameti Has Dropped', '2022-08-01 19:00:00', '2022-08-02'),
(165, 133, 'Ekameti', 137, 'Prepare For Giving Kameti Ali 2022-01-01 100000', '2022-08-01 19:00:00', '2022-08-02'),
(166, 133, 'Ekameti', 133, 'Ali  Kameti Has Dropped', '2022-08-01 19:00:00', '2022-08-02'),
(167, 137, 'Ekameti', 133, 'Ali  Kameti Has Dropped', '2022-08-01 19:00:00', '2022-08-02'),
(168, 133, 'Ekameti', 137, 'Prepare For Giving Kameti Ali 2022-01-01 100000', '2022-08-01 19:00:00', '2022-08-02'),
(169, 133, 'Ekameti', 133, 'Ali  Kameti Has Dropped', '2022-08-01 19:00:00', '2022-08-02'),
(170, 137, 'Ekameti', 133, 'Ali  Kameti Has Dropped', '2022-08-01 19:00:00', '2022-08-02'),
(171, 133, 'Ekameti', 137, 'Prepare For Giving Kameti Ali 2022-01-01 100000', '2022-08-01 19:00:00', '2022-08-02'),
(172, 133, 'Ekameti', 133, 'Ali  Kameti Has Dropped', '2022-08-01 19:00:00', '2022-08-02'),
(173, 137, 'Ekameti', 133, 'Ali  Kameti Has Dropped', '2022-08-01 19:00:00', '2022-08-02'),
(174, 133, 'Ekameti', 137, 'Prepare For Giving Kameti Ali 2022-01-01 100000', '2022-08-01 19:00:00', '2022-08-02'),
(175, 133, 'Ekameti', 133, 'Ali  Kameti Has Dropped', '2022-08-01 19:00:00', '2022-08-02'),
(176, 137, 'Ekameti', 133, 'Ali  Kameti Has Dropped', '2022-08-01 19:00:00', '2022-08-02'),
(177, 133, 'Ekameti', 137, 'Prepare For Giving Kameti Ali 2022-01-01 100000', '2022-08-01 19:00:00', '2022-08-02'),
(178, 133, 'Ekameti', 133, 'Ali  Kameti Has Dropped', '2022-08-01 19:00:00', '2022-08-02'),
(179, 137, 'Ekameti', 133, 'Ali  Kameti Has Dropped', '2022-08-01 19:00:00', '2022-08-02'),
(180, 133, 'Ekameti', 137, 'Prepare For Giving Kameti Ali 2022-01-01 100000', '2022-08-01 19:00:00', '2022-08-02'),
(181, 133, 'Ekameti', 133, 'Ali  Kameti Has Dropped', '2022-08-01 19:00:00', '2022-08-02'),
(182, 137, 'Ekameti', 133, 'Ali  Kameti Has Dropped', '2022-08-01 19:00:00', '2022-08-02'),
(183, 133, 'Ekameti', 137, 'Prepare For Giving Kameti Ali 2022-01-01 100000', '2022-08-01 19:00:00', '2022-08-02'),
(184, 133, 'Ekameti', 133, 'Ali  Kameti Has Dropped', '2022-08-01 19:00:00', '2022-08-02'),
(185, 137, 'Ekameti', 133, 'Ali  Kameti Has Dropped', '2022-08-01 19:00:00', '2022-08-02'),
(186, 133, 'Ekameti', 137, 'Prepare For Giving Kameti Ali 2022-01-01 100000', '2022-08-01 19:00:00', '2022-08-02'),
(187, 133, 'Ekameti', 133, 'Ali  Kameti Has Dropped', '2022-08-01 19:00:00', '2022-08-02'),
(188, 137, 'Ekameti', 133, 'Ali  Kameti Has Dropped', '2022-08-01 19:00:00', '2022-08-02'),
(189, 133, 'Ekameti', 137, 'Prepare For Giving Kameti Ali 2022-01-01 100000', '2022-08-01 19:00:00', '2022-08-02'),
(190, 133, 'Ekameti', 133, 'Ali  Kameti Has Dropped', '2022-08-01 19:00:00', '2022-08-02'),
(191, 137, 'Ekameti', 133, 'Ali  Kameti Has Dropped', '2022-08-01 19:00:00', '2022-08-02'),
(192, 133, 'Ekameti', 137, 'Prepare For Giving Kameti Ali 2022-01-01 100000', '2022-08-01 19:00:00', '2022-08-02'),
(193, 133, 'Ekameti', 133, 'Ali  Kameti Has Dropped', '2022-08-01 19:00:00', '2022-08-02'),
(194, 137, 'Ekameti', 133, 'Ali  Kameti Has Dropped', '2022-08-01 19:00:00', '2022-08-02'),
(195, 133, 'Ekameti', 137, 'Prepare For Giving Kameti Ali 2022-01-01 100000', '2022-08-01 19:00:00', '2022-08-02'),
(196, 133, 'Ekameti', 133, 'Ali  Kameti Has Dropped', '2022-08-01 19:00:00', '2022-08-02'),
(197, 137, 'Ekameti', 133, 'Ali  Kameti Has Dropped', '2022-08-01 19:00:00', '2022-08-02'),
(198, 133, 'Ekameti', 137, 'Prepare For Giving Kameti Ali 2022-01-01 100000', '2022-08-01 19:00:00', '2022-08-02'),
(199, 133, 'Ekameti', 133, 'Ali  Kameti Has Dropped', '2022-08-01 19:00:00', '2022-08-02'),
(200, 137, 'Ekameti', 133, 'Ali  Kameti Has Dropped', '2022-08-01 19:00:00', '2022-08-02'),
(201, 133, 'Ekameti', 137, 'Prepare For Giving Kameti Ali 2022-01-01 100000', '2022-08-01 19:00:00', '2022-08-02'),
(202, 133, 'Ekameti', 133, 'Ali  Kameti Has Dropped', '2022-08-01 19:00:00', '2022-08-02'),
(203, 137, 'Ekameti', 133, 'Ali  Kameti Has Dropped', '2022-08-01 19:00:00', '2022-08-02'),
(204, 133, 'Ekameti', 137, 'Prepare For Giving Kameti Ali 2022-01-01 100000', '2022-08-01 19:00:00', '2022-08-02'),
(205, 133, 'Ekameti', 133, 'Ali  Kameti Has Dropped', '2022-08-01 19:00:00', '2022-08-02'),
(206, 137, 'Ekameti', 133, 'Ali  Kameti Has Dropped', '2022-08-01 19:00:00', '2022-08-02'),
(207, 133, 'Ekameti', 137, 'Prepare For Giving Kameti Ali 2022-01-01 100000', '2022-08-01 19:00:00', '2022-08-02'),
(208, 133, 'Ekameti', 133, 'Ali  Kameti Has Dropped', '2022-08-01 19:00:00', '2022-08-02'),
(209, 137, 'Ekameti', 133, 'Ali  Kameti Has Dropped', '2022-08-01 19:00:00', '2022-08-02'),
(210, 133, 'Ekameti', 137, 'Prepare For Giving Kameti Ali 2022-01-01 100000', '2022-08-01 19:00:00', '2022-08-02'),
(211, 133, 'Ekameti', 133, 'Ali  Kameti Has Dropped', '2022-08-01 19:00:00', '2022-08-02'),
(212, 137, 'Ekameti', 133, 'Ali  Kameti Has Dropped', '2022-08-01 19:00:00', '2022-08-02'),
(213, 133, 'Ekameti', 137, 'Prepare For Giving Kameti Ali 2022-01-01 100000', '2022-08-01 19:00:00', '2022-08-02'),
(214, 133, 'Ekameti', 133, 'Ali  Kameti Has Dropped', '2022-08-01 19:00:00', '2022-08-02'),
(215, 137, 'Ekameti', 133, 'Ali  Kameti Has Dropped', '2022-08-01 19:00:00', '2022-08-02'),
(216, 133, 'Ekameti', 137, 'Prepare For Giving Kameti Ali 2022-01-01 100000', '2022-08-01 19:00:00', '2022-08-02'),
(217, 133, 'Ekameti', 133, 'Ali  Kameti Has Dropped', '2022-08-01 19:00:00', '2022-08-02'),
(218, 137, 'Ekameti', 133, 'Ali  Kameti Has Dropped', '2022-08-01 19:00:00', '2022-08-02'),
(219, 133, 'Ekameti', 137, 'Prepare For Giving Kameti Ali 2022-01-01 100000', '2022-08-01 19:00:00', '2022-08-02'),
(220, 133, 'Ekameti', 133, 'Ali  Kameti Has Dropped', '2022-08-01 19:00:00', '2022-08-02'),
(221, 137, 'Ekameti', 133, 'Ali  Kameti Has Dropped', '2022-08-01 19:00:00', '2022-08-02'),
(222, 133, 'Ekameti', 137, 'Prepare For Giving Kameti Ali 2022-01-01 100000', '2022-08-01 19:00:00', '2022-08-02'),
(223, 133, 'Ekameti', 133, 'Aliyan  Kameti Has Dropped', '2022-08-01 19:00:00', '2022-08-02'),
(224, 137, 'Ekameti', 133, 'Aliyan  Kameti Has Dropped', '2022-08-01 19:00:00', '2022-08-02'),
(225, 133, 'Ekameti', 133, 'Congratulation! Your drop kameti is drop down Aliyan 2022-01-01 100000', '2022-08-01 19:00:00', '2022-08-02'),
(226, 119, 'Ekameti', 119, 'Ali has approved your request to join kameti', '2022-08-03 00:38:01', '2022-08-03'),
(228, 129, 'Ekameti', 130, 'Aliyan has approved your request to join kameti', '2022-08-03 06:15:43', '2022-08-03'),
(229, 137, 'Ekameti', 123, 'Ali has approved your request to join kameti', '2022-08-03 06:22:59', '2022-08-03'),
(230, 129, 'Ekameti', 129, 'Alia has approved your request to join kameti', '2022-08-03 08:22:34', '2022-08-03'),
(231, 129, 'Ekameti', 129, 'Aliyan has approved your request to join kameti', '2022-08-03 08:22:35', '2022-08-03'),
(232, 119, 'Ekameti', 119, 'Kameti has created Successfully', '2022-08-03 08:55:40', '2022-08-03'),
(233, 129, 'Ekameti', 119, 'Sulman Requested you to join his kameti', '2022-08-03 08:55:40', '2022-08-03');

-- --------------------------------------------------------

--
-- Table structure for table `reference_admins`
--

CREATE TABLE `reference_admins` (
  `id` int(11) NOT NULL,
  `member_id` int(11) NOT NULL,
  `admin_id` int(11) NOT NULL,
  `created_at` date NOT NULL,
  `updated_at` date NOT NULL
) ENGINE=InnoDB DEFAULT CHARSET=utf8mb4;

--
-- Dumping data for table `reference_admins`
--

INSERT INTO `reference_admins` (`id`, `member_id`, `admin_id`, `created_at`, `updated_at`) VALUES
(28, 127, 119, '2022-07-26', '2022-07-26'),
(29, 129, 119, '2022-07-26', '2022-07-26'),
(30, 119, 131, '2022-07-28', '2022-07-28'),
(31, 129, 131, '2022-07-28', '2022-07-28'),
(32, 127, 131, '2022-07-28', '2022-07-28'),
(33, 129, 131, '2022-07-28', '2022-07-28'),
(34, 129, 131, '2022-07-28', '2022-07-28'),
(35, 129, 131, '2022-07-28', '2022-07-28'),
(36, 127, 129, '2022-07-29', '2022-07-29'),
(37, 119, 129, '2022-07-29', '2022-07-29'),
(38, 131, 129, '2022-08-01', '2022-08-01');

-- --------------------------------------------------------

--
-- Table structure for table `transaction`
--

CREATE TABLE `transaction` (
  `id` int(11) NOT NULL,
  `user_id` bigint(11) NOT NULL,
  `ekameti_id` bigint(11) NOT NULL,
  `total_amount` int(20) NOT NULL,
  `no_of_installment` int(20) NOT NULL,
  `remaining_installment` int(20) NOT NULL,
  `transaction_type` varchar(20) NOT NULL,
  `installment _per_month` int(20) NOT NULL,
  `last_update` date NOT NULL,
  `tranaction_resource` text DEFAULT NULL,
  `transaction_date` date NOT NULL
) ENGINE=InnoDB DEFAULT CHARSET=utf8mb4;

-- --------------------------------------------------------

--
-- Table structure for table `users`
--

CREATE TABLE `users` (
  `id` bigint(20) UNSIGNED NOT NULL,
  `user_name` varchar(255) COLLATE utf8mb4_unicode_ci DEFAULT NULL,
  `user_cnic` varchar(20) COLLATE utf8mb4_unicode_ci DEFAULT NULL,
  `password` varchar(255) COLLATE utf8mb4_unicode_ci NOT NULL,
  `Email` varchar(255) COLLATE utf8mb4_unicode_ci DEFAULT '',
  `Mobile` varchar(255) COLLATE utf8mb4_unicode_ci DEFAULT NULL,
  `user_address` varchar(255) COLLATE utf8mb4_unicode_ci DEFAULT NULL,
  `upload_frontside_cnic` varchar(255) COLLATE utf8mb4_unicode_ci DEFAULT NULL,
  `upload_backside_cnic` varchar(255) COLLATE utf8mb4_unicode_ci NOT NULL,
  `cnic_expiry` date DEFAULT NULL,
  `MOTP` varchar(11) COLLATE utf8mb4_unicode_ci DEFAULT '0',
  `emailConfirm` varchar(11) COLLATE utf8mb4_unicode_ci NOT NULL DEFAULT '0',
  `mobileConfirm` varchar(11) COLLATE utf8mb4_unicode_ci NOT NULL DEFAULT '0',
  `DOB` date DEFAULT NULL,
  `gender` varchar(255) COLLATE utf8mb4_unicode_ci DEFAULT NULL,
  `api_token` varchar(255) COLLATE utf8mb4_unicode_ci NOT NULL,
  `created_at` timestamp NOT NULL DEFAULT current_timestamp() ON UPDATE current_timestamp(),
  `updated_at` timestamp NULL DEFAULT NULL
) ENGINE=InnoDB DEFAULT CHARSET=utf8mb4 COLLATE=utf8mb4_unicode_ci;

--
-- Dumping data for table `users`
--

INSERT INTO `users` (`id`, `user_name`, `user_cnic`, `password`, `Email`, `Mobile`, `user_address`, `upload_frontside_cnic`, `upload_backside_cnic`, `cnic_expiry`, `MOTP`, `emailConfirm`, `mobileConfirm`, `DOB`, `gender`, `api_token`, `created_at`, `updated_at`) VALUES
(119, 'Sulman', NULL, '12345678', 'ahmad4@gmail.com', '+923007788340', NULL, '/storage/img/frontside_cnic/front_cnic_2022_07_07_10_39_23.png', '/storage/img/backside_cnic/backside_cnic_2022_07_07_10_39_23.png', NULL, '123456', '0', '0', '1996-06-26', NULL, 'szTrkotq1HeUMkkCbKrWoGF5qj6ZopPDnZS0fDtto2vF7BPEqoqwH4zjjPZv', '2022-08-01 06:17:23', NULL),
(127, 'Adnan', '3640189765440', 'Adnan1127', 'adnan@gmail.com', '030078667444', NULL, '/storage/img/frontside_cnic/front_cnic_2022_07_08_10_19_15.png', '/storage/img/frontside_cnic/front_cnic_2022_07_08_10_19_15.png', NULL, '0', '0', '0', '1983-10-10', NULL, 'PPpn4CNw91hGYEhL5iXj6I613KHoEpLe7QbvSGQsCEzrqvoYVk8EX4Kdog4c', '2022-07-13 06:48:09', '2022-07-08 05:19:15'),
(129, 'Aliyan', NULL, '12345678', 'aliyan@gmail.com', '03213844867', NULL, '/storage/img/frontside_cnic/front_cnic_2022_07_13_09_18_40.png', '/storage/img/backside_cnic/backside_cnic_2022_07_13_09_18_41.png', NULL, '123456', '0', '1', NULL, NULL, 'rb8E6YPEsikMSTJxgB37arTZdYhxujPh1hkq2V4YuBDUVFbqSABuLwMqVwBM', '2022-07-29 10:16:08', '2022-07-13 04:18:41'),
(130, 'Alia', NULL, '12345678', NULL, '03213844891', NULL, '/storage/img/frontside_cnic/front_cnic_2022_07_13_12_09_07.png', '/storage/img/backside_cnic/backside_cnic_2022_07_13_12_09_07.png', NULL, '123456', '0', '1', NULL, NULL, 'IiMyiHLEqiACfkP5Xle67YK69osONk7wX8yuo5vXMaS4YxYxtDhQoJ5Pvtcu', '2022-07-13 07:09:07', '2022-07-13 07:09:07'),
(131, 'Adnan', '3640189765440', 'Adnan1981', 'adnan@gmail.com', '030078667444', NULL, '/storage/img/frontside_cnic/front_cnic_2022_07_15_01_45_54.png', '/storage/img/frontside_cnic/front_cnic_2022_07_15_01_45_54.png', NULL, '0', '0', '0', '1983-10-10', NULL, 'jRSwIsO4jWxalGfSFHYaTb3Wv5uHqwLITWTctvG2yFOBQ5Upn6X0f8sGJlGL', '2022-07-25 05:52:37', '2022-07-15 08:45:54'),
(133, 'Aliyan', '3640189765466', 'Aliyan9067', 'aliyan@gmail.com', '+9230078633444', NULL, '/storage/img/frontside_cnic/front_cnic_2022_07_26_10_00_54.png', '/storage/img/frontside_cnic/front_cnic_2022_07_26_10_00_54.png', NULL, '0', '0', '0', '1983-10-10', NULL, 'zapSuMrTvk2zsBM2srlsu1vEYXxm7ZnV8NKhUDFXUsQAfxK1zFjrGiy3BAPo', '2022-07-26 05:00:55', '2022-07-26 05:00:55'),
(137, 'Ali', NULL, '12345678', NULL, '03213844892', NULL, '/storage/img/frontside_cnic/front_cnic_2022_07_29_12_33_50.png', '/storage/img/backside_cnic/backside_cnic_2022_07_29_12_33_50.png', NULL, '123456', '0', '1', '1997-10-10', NULL, 'dYAEkNplGQwtCNuzd2txJ7i2uRis7vI6Gl78RgKik8SZMvz0YWWcUgsJ22m4', '2022-07-29 07:33:51', '2022-07-29 07:33:51');

-- --------------------------------------------------------

--
-- Table structure for table `users_devices`
--

CREATE TABLE `users_devices` (
  `id` int(11) NOT NULL,
  `user_id` int(11) NOT NULL,
  `dtype` varchar(25) NOT NULL,
  `did` varchar(265) NOT NULL,
  `dateadd` date NOT NULL,
  `dateremove` date DEFAULT NULL,
  `created_at` date DEFAULT NULL,
  `updated_at` date DEFAULT NULL
) ENGINE=InnoDB DEFAULT CHARSET=utf8mb4;

--
-- Dumping data for table `users_devices`
--

INSERT INTO `users_devices` (`id`, `user_id`, `dtype`, `did`, `dateadd`, `dateremove`, `created_at`, `updated_at`) VALUES
(25, 87, 'android', 'cHZWVxx7T5aowcZV2eV2Qj:APA91bEUGyimanoVo_rshBCSPvPfMaATWd9exrX50SLwIjzviU3ytw0U4zynJI4pFRXCuBLYz2RyoJneL1N7J3C09_-Ohnd7F_g28FwcGMvZnJJZ0iWmOpQBgldbQ0bCgc1clJYYaRSO', '2022-07-05', NULL, NULL, '2022-07-06'),
(26, 133, 'android', 'dvgKfr7pRr28dHo811zOwl:APA91bGQYmxwHoJUNkWJDU8wwE3h60NTMT2ys-u8yMQIQfPi36Dn6Eft8jbKYSxrGiAajYxtx9vcyBDq-lvb4xvExqXW2iUx5Sga--VceIAHj9sk1nEuXw3UygUuLYFnA4rCS-jr5XX5', '2022-07-06', NULL, NULL, NULL),
(27, 125, 'Android', 'Hello', '2022-07-07', NULL, NULL, '2022-07-07'),
(28, 126, 'Android', 'Hello', '2022-07-08', NULL, NULL, '2022-07-08'),
(29, 127, 'Android', 'Hello', '2022-07-13', NULL, NULL, '2022-07-29'),
(30, 129, 'Android', 'Hello', '2022-07-13', NULL, NULL, '2022-07-29'),
(31, 119, 'android', 'd4c7_rlFT-6Ra56G8xSevh:APA91bEeUgc2e7Z3VczRye1VS1Dzg9TLaT5P__HNb8M0UI5wOLkkK85GuxLsPvrjbiOW4w8XzhQcygryCPd_yw5KOl17QObOmTFCKAAoh4Ianjob5XHR4jXzVgrKXHZFQQyW-lUrPhJd-2YhYLA-qqUoaLCfvU_z918ExbHZkb9vAkQcqFFTiTxJmL5_ISW1iYyyJ_CwlgN1AjSjlfHmRK4XcMVlhtIgnxZ2', '2022-07-19', NULL, NULL, '2022-07-19'),
(32, 137, 'Android', 'Hello', '2022-08-01', NULL, NULL, NULL);

--
-- Indexes for dumped tables
--

--
-- Indexes for table `drop_kameties`
--
ALTER TABLE `drop_kameties`
  ADD PRIMARY KEY (`id`);

--
-- Indexes for table `ekametis`
--
ALTER TABLE `ekametis`
  ADD PRIMARY KEY (`id`);

--
-- Indexes for table `ekameti_types`
--
ALTER TABLE `ekameti_types`
  ADD PRIMARY KEY (`id`);

--
-- Indexes for table `invites`
--
ALTER TABLE `invites`
  ADD PRIMARY KEY (`id`),
  ADD UNIQUE KEY `invites_code_unique` (`code`),
  ADD UNIQUE KEY `invites_for_unique` (`for`);

--
-- Indexes for table `kameti_members`
--
ALTER TABLE `kameti_members`
  ADD PRIMARY KEY (`id`),
  ADD KEY `kameti_members_user_id_foreign` (`member_id`),
  ADD KEY `ekameti_id` (`ekameti_id`);

--
-- Indexes for table `kameti_term_and_conditions`
--
ALTER TABLE `kameti_term_and_conditions`
  ADD PRIMARY KEY (`id`);

--
-- Indexes for table `migrations`
--
ALTER TABLE `migrations`
  ADD PRIMARY KEY (`id`);

--
-- Indexes for table `personal_access_tokens`
--
ALTER TABLE `personal_access_tokens`
  ADD PRIMARY KEY (`id`),
  ADD UNIQUE KEY `personal_access_tokens_token_unique` (`token`),
  ADD KEY `personal_access_tokens_tokenable_type_tokenable_id_index` (`tokenable_type`,`tokenable_id`);

--
-- Indexes for table `push_notifications`
--
ALTER TABLE `push_notifications`
  ADD PRIMARY KEY (`id`);

--
-- Indexes for table `reference_admins`
--
ALTER TABLE `reference_admins`
  ADD PRIMARY KEY (`id`);

--
-- Indexes for table `transaction`
--
ALTER TABLE `transaction`
  ADD PRIMARY KEY (`id`);

--
-- Indexes for table `users`
--
ALTER TABLE `users`
  ADD PRIMARY KEY (`id`);

--
-- Indexes for table `users_devices`
--
ALTER TABLE `users_devices`
  ADD PRIMARY KEY (`id`);

--
-- AUTO_INCREMENT for dumped tables
--

--
-- AUTO_INCREMENT for table `drop_kameties`
--
ALTER TABLE `drop_kameties`
  MODIFY `id` int(11) NOT NULL AUTO_INCREMENT, AUTO_INCREMENT=2;

--
-- AUTO_INCREMENT for table `ekametis`
--
ALTER TABLE `ekametis`
  MODIFY `id` bigint(20) UNSIGNED NOT NULL AUTO_INCREMENT, AUTO_INCREMENT=370;

--
-- AUTO_INCREMENT for table `ekameti_types`
--
ALTER TABLE `ekameti_types`
  MODIFY `id` int(11) NOT NULL AUTO_INCREMENT, AUTO_INCREMENT=12;

--
-- AUTO_INCREMENT for table `invites`
--
ALTER TABLE `invites`
  MODIFY `id` int(10) UNSIGNED NOT NULL AUTO_INCREMENT;

--
-- AUTO_INCREMENT for table `kameti_members`
--
ALTER TABLE `kameti_members`
  MODIFY `id` bigint(20) UNSIGNED NOT NULL AUTO_INCREMENT, AUTO_INCREMENT=490;

--
-- AUTO_INCREMENT for table `kameti_term_and_conditions`
--
ALTER TABLE `kameti_term_and_conditions`
  MODIFY `id` int(11) NOT NULL AUTO_INCREMENT, AUTO_INCREMENT=83;

--
-- AUTO_INCREMENT for table `migrations`
--
ALTER TABLE `migrations`
  MODIFY `id` int(10) UNSIGNED NOT NULL AUTO_INCREMENT, AUTO_INCREMENT=5;

--
-- AUTO_INCREMENT for table `personal_access_tokens`
--
ALTER TABLE `personal_access_tokens`
  MODIFY `id` bigint(20) UNSIGNED NOT NULL AUTO_INCREMENT, AUTO_INCREMENT=18;

--
-- AUTO_INCREMENT for table `push_notifications`
--
ALTER TABLE `push_notifications`
  MODIFY `id` int(11) NOT NULL AUTO_INCREMENT, AUTO_INCREMENT=234;

--
-- AUTO_INCREMENT for table `reference_admins`
--
ALTER TABLE `reference_admins`
  MODIFY `id` int(11) NOT NULL AUTO_INCREMENT, AUTO_INCREMENT=39;

--
-- AUTO_INCREMENT for table `transaction`
--
ALTER TABLE `transaction`
  MODIFY `id` int(11) NOT NULL AUTO_INCREMENT;

--
-- AUTO_INCREMENT for table `users`
--
ALTER TABLE `users`
  MODIFY `id` bigint(20) UNSIGNED NOT NULL AUTO_INCREMENT, AUTO_INCREMENT=138;

--
-- AUTO_INCREMENT for table `users_devices`
--
ALTER TABLE `users_devices`
  MODIFY `id` int(11) NOT NULL AUTO_INCREMENT, AUTO_INCREMENT=33;

--
-- Constraints for dumped tables
--

--
-- Constraints for table `kameti_members`
--
ALTER TABLE `kameti_members`
  ADD CONSTRAINT `kameti_members_ibfk_1` FOREIGN KEY (`ekameti_id`) REFERENCES `ekametis` (`id`) ON DELETE CASCADE;
COMMIT;

/*!40101 SET CHARACTER_SET_CLIENT=@OLD_CHARACTER_SET_CLIENT */;
/*!40101 SET CHARACTER_SET_RESULTS=@OLD_CHARACTER_SET_RESULTS */;
/*!40101 SET COLLATION_CONNECTION=@OLD_COLLATION_CONNECTION */;
